GROUP,PACKAGE,CLASS,INSTRUCTION_MISSED,INSTRUCTION_COVERED,BRANCH_MISSED,BRANCH_COVERED,LINE_MISSED,LINE_COVERED,COMPLEXITY_MISSED,COMPLEXITY_COVERED,METHOD_MISSED,METHOD_COVERED
refal5j-impl,refal.deque,DeepDeque.SplitPair,0,9,0,0,0,1,0,1,0,1
refal5j-impl,refal.deque,ShallowDeque,53,370,14,34,10,70,12,31,1,18
refal5j-impl,refal.deque,Expr,0,48,0,4,0,12,0,7,0,5
refal5j-impl,refal.deque,DeepDeque.new Iterator() {...},4,91,1,15,1,20,1,10,0,3
refal5j-impl,refal.deque,DeepDeque,128,436,25,37,29,87,20,31,2,18
refal5j-impl,refal.deque,ExprOps,38,473,11,47,9,102,9,26,0,6
refal5j-impl,refal.deque,ShallowDeque.new Iterator() {...},4,40,1,3,1,4,1,4,0,3
refal5j-impl,refal.deque,PeekResult,0,17,0,0,0,4,0,1,0,1
refal5j-impl,refal.lexer,TokenType,0,99,0,0,0,17,0,1,0,1
refal5j-impl,refal.lexer,Lexer,96,900,29,129,18,179,27,76,0,14
refal5j-impl,refal.lexer,LexException,6,18,0,0,2,5,2,2,2,2
refal5j-impl,refal.lexer,Token,10,29,2,2,2,6,2,1,0,1
refal5j-impl,refal.parser,ParseException,6,13,0,0,2,4,2,1,2,1
refal5j-impl,refal.parser,Parser,99,659,21,67,14,141,17,52,0,17
refal5j-impl,refal.ast,Sym,0,18,0,2,0,5,0,2,0,1
refal5j-impl,refal.ast,Call,5,20,1,1,1,5,1,1,0,1
refal5j-impl,refal.ast,Program,0,60,0,0,0,11,0,3,0,3
refal5j-impl,refal.ast,Br,0,10,0,0,0,3,0,1,0,1
refal5j-impl,refal.ast,Func,5,32,1,3,1,8,1,2,0,1
refal5j-impl,refal.ast,Program.Builder,3,69,0,2,1,16,1,7,1,6
refal5j-impl,refal.ast,Rule,0,23,0,0,0,6,0,1,0,1
refal5j-impl,refal.ast,Num,0,11,0,0,0,3,0,2,0,2
refal5j-impl,refal.ast,TVar,0,20,0,2,0,6,0,3,0,2
refal5j-impl,refal.ast,EVar,0,20,0,2,0,6,0,3,0,2
refal5j-impl,refal.ast,Var,0,6,0,0,0,1,0,1,0,1
refal5j-impl,refal.ast,SVar,0,20,0,2,0,6,0,3,0,2
refal5j-impl,refal.ast,Str,0,10,0,0,0,3,0,1,0,1
refal5j-impl,refal.ast,AstFormatter,0,144,1,11,0,31,1,11,0,4
refal5j-impl,refal,Main.Args,55,111,10,18,11,28,9,8,0,2
refal5j-impl,refal,Main,69,631,12,56,21,137,12,32,1,9
refal5j-impl,refal.runtime,Matcher.Thunk.Done,0,6,0,0,0,1,0,1,0,1
refal5j-impl,refal.runtime,RefalException,0,4,0,0,0,2,0,1,0,1
refal5j-impl,refal.runtime,Builtins.ExitSignal,0,11,0,0,0,4,0,2,0,2
refal5j-impl,refal.runtime,ViewTerm.ParenClose,0,8,0,0,0,2,0,2,0,2
refal5j-impl,refal.runtime,Substitutor,0,87,0,8,0,20,0,6,0,1
refal5j-impl,refal.runtime,ViewTerm.AngOpen,0,6,0,0,0,1,0,1,0,1
refal5j-impl,refal.runtime,Matcher.Thunk,0,18,0,2,0,4,0,2,0,1
refal5j-impl,refal.runtime,ViewTerm.Passive,0,6,0,0,0,1,0,1,0,1
refal5j-impl,refal.runtime,Bindings,148,76,18,6,30,19,13,11,4,8
refal5j-impl,refal.runtime,Matcher.Thunk.More,0,6,0,0,0,1,0,1,0,1
refal5j-impl,refal.runtime,ViewTerm.ParenOpen,0,8,0,0,0,2,0,2,0,2
refal5j-impl,refal.runtime,ViewTerm.AngClose,0,8,0,0,0,2,0,2,0,2
refal5j-impl,refal.runtime,Builtins,418,2772,82,203,88,450,73,129,5,46
refal5j-impl,refal.runtime,Runtime,169,867,16,82,38,203,19,65,5,25
refal5j-impl,refal.runtime,Matcher,15,566,6,60,3,108,6,44,0,17
refal5j-impl,refal.runtime,ViewTerm.BulkPassive,0,6,0,0,0,1,0,1,0,1
refal5j-impl,refal.semantic,SemanticChecker,19,370,2,42,2,68,2,26,0,5
refal5j-impl,refal.semantic,SemanticException.Kind,0,45,0,0,0,8,0,1,0,1
refal5j-impl,refal.semantic,SemanticInfo,0,24,0,0,0,5,0,1,0,1
refal5j-impl,refal.semantic,SemanticException,6,16,0,0,2,6,2,2,2,2
