"Benchmark","N","refal5j","pz","r5j","our_div_pz","r5j_div_our"
"reverse","100","130","15","94","8,67","0,72"
"reverse","300","143","13","89","11","0,62"
"reverse","600","156","14","94","11,14","0,6"
"reverse","1000","168","15","95","11,2","0,57"
"reverse","2000","194","14",,"13,86","-"
"reverse","4000","228","16",,"14,25","-"
"concat","500","172","14","94","12,29","0,55"
"concat","1000","181","15","99","12,07","0,55"
"concat","2000","213","16","108","13,31","0,51"
"concat","5000","264","19",,"13,89","-"
"concat","10000","326","25",,"13,04","-"
"sumlist","500","146","14","90","10,43","0,62"
"sumlist","1000","178","15","93","11,87","0,52"
"sumlist","2000","190","14","102","13,57","0,54"
"sumlist","5000","243","19",,"12,79","-"
"sumlist","10000","312","23",,"13,57","-"
