n,features,p,acc_vs_label,acc_vs_true,lookup_size,coverage
1,k1,[0],0.8932291666666666,0.828125,2,1.0
1,k8,[6],0.8828125,0.8489583333333334,2,1.0
1,k3,[2],0.6276041666666666,0.6614583333333334,2,1.0
1,k2,[1],0.609375,0.6276041666666666,2,1.0
1,k4,[3],0.609375,0.6276041666666666,2,1.0
1,k5,[4],0.609375,0.6276041666666666,2,1.0
1,k6,[5],0.609375,0.6276041666666666,2,1.0
2,k1+k8,"[0, 6]",0.9583333333333334,0.8828125,4,1.0
2,k1+k2,"[0, 1]",0.8932291666666666,0.828125,4,1.0
2,k1+k3,"[0, 2]",0.8932291666666666,0.828125,4,1.0
2,k1+k4,"[0, 3]",0.8932291666666666,0.828125,4,1.0
2,k1+k5,"[0, 4]",0.8932291666666666,0.828125,4,1.0
2,k1+k6,"[0, 5]",0.8932291666666666,0.828125,4,1.0
2,k2+k8,"[1, 6]",0.8828125,0.8489583333333334,4,1.0
2,k3+k8,"[2, 6]",0.8828125,0.8489583333333334,4,1.0
2,k4+k8,"[3, 6]",0.8828125,0.8489583333333334,4,1.0
2,k5+k8,"[4, 6]",0.8828125,0.8489583333333334,4,1.0
2,k6+k8,"[5, 6]",0.8828125,0.8489583333333334,4,1.0
2,k3+k5,"[2, 4]",0.703125,0.7109375,4,1.0
2,k2+k5,"[1, 4]",0.6770833333333334,0.7057291666666666,4,1.0
2,k3+k4,"[2, 3]",0.6536458333333334,0.6770833333333334,4,1.0
2,k2+k3,"[1, 2]",0.6484375,0.703125,4,1.0
2,k2+k4,"[1, 3]",0.6458333333333334,0.6640625,4,1.0
2,k2+k6,"[1, 5]",0.6171875,0.625,4,1.0
2,k3+k6,"[2, 5]",0.6145833333333334,0.6380208333333334,4,1.0
2,k4+k5,"[3, 4]",0.609375,0.6276041666666666,4,1.0
2,k4+k6,"[3, 5]",0.609375,0.6276041666666666,4,1.0
2,k5+k6,"[4, 5]",0.609375,0.6276041666666666,4,1.0
3,k1+k2+k8,"[0, 1, 6]",0.9583333333333334,0.8828125,8,1.0
3,k1+k3+k8,"[0, 2, 6]",0.9583333333333334,0.8828125,8,1.0
3,k1+k6+k8,"[0, 5, 6]",0.9505208333333334,0.875,8,1.0
3,k1+k5+k8,"[0, 4, 6]",0.9375,0.8828125,8,1.0
3,k1+k4+k8,"[0, 3, 6]",0.9322916666666666,0.8828125,8,1.0
3,k1+k2+k5,"[0, 1, 4]",0.9036458333333334,0.8125,8,1.0
3,k2+k5+k8,"[1, 4, 6]",0.8958333333333334,0.8359375,8,1.0
3,k1+k2+k4,"[0, 1, 3]",0.8932291666666666,0.828125,8,1.0
3,k1+k4+k5,"[0, 3, 4]",0.8932291666666666,0.828125,8,1.0
3,k1+k4+k6,"[0, 3, 5]",0.8932291666666666,0.828125,8,1.0
3,k1+k5+k6,"[0, 4, 5]",0.8932291666666666,0.828125,8,1.0
3,k2+k4+k8,"[1, 3, 6]",0.8828125,0.8489583333333334,8,1.0
3,k2+k6+k8,"[1, 5, 6]",0.8828125,0.8489583333333334,8,1.0
3,k3+k4+k8,"[2, 3, 6]",0.8828125,0.8489583333333334,8,1.0
3,k3+k6+k8,"[2, 5, 6]",0.8828125,0.8489583333333334,8,1.0
3,k4+k5+k8,"[3, 4, 6]",0.8828125,0.8489583333333334,8,1.0
3,k4+k6+k8,"[3, 5, 6]",0.8828125,0.8489583333333334,8,1.0
3,k5+k6+k8,"[4, 5, 6]",0.8828125,0.8489583333333334,8,1.0
3,k1+k2+k6,"[0, 1, 5]",0.8697916666666666,0.8203125,8,1.0
3,k1+k2+k3,"[0, 1, 2]",0.8671875,0.8333333333333334,8,1.0
3,k1+k3+k5,"[0, 2, 4]",0.8619791666666666,0.8072916666666666,8,1.0
3,k3+k5+k8,"[2, 4, 6]",0.859375,0.8255208333333334,8,1.0
3,k2+k3+k8,"[1, 2, 6]",0.8541666666666666,0.8463541666666666,8,1.0
3,k1+k3+k6,"[0, 2, 5]",0.8515625,0.8229166666666666,8,1.0
3,k1+k3+k4,"[0, 2, 3]",0.8385416666666666,0.8203125,8,1.0
3,k3+k4+k5,"[2, 3, 4]",0.703125,0.7109375,8,1.0
3,k3+k5+k6,"[2, 4, 5]",0.703125,0.7109375,8,1.0
3,k2+k3+k5,"[1, 2, 4]",0.6901041666666666,0.6822916666666666,8,1.0
3,k2+k4+k5,"[1, 3, 4]",0.6770833333333334,0.7057291666666666,8,1.0
3,k2+k3+k4,"[1, 2, 3]",0.65625,0.6953125,8,1.0
3,k3+k4+k6,"[2, 3, 5]",0.65625,0.6953125,8,1.0
3,k2+k5+k6,"[1, 4, 5]",0.640625,0.6536458333333334,8,1.0
3,k2+k4+k6,"[1, 3, 5]",0.6171875,0.625,8,1.0
3,k2+k3+k6,"[1, 2, 5]",0.6145833333333334,0.6380208333333334,8,1.0
3,k4+k5+k6,"[3, 4, 5]",0.609375,0.6276041666666666,8,1.0
4,k1+k5+k6+k8,"[0, 4, 5, 6]",0.9635416666666666,0.8828125,16,1.0
4,k1+k2+k6+k8,"[0, 1, 5, 6]",0.9609375,0.8854166666666666,16,1.0
4,k1+k3+k5+k8,"[0, 2, 4, 6]",0.9583333333333334,0.8984375,16,1.0
4,k1+k4+k6+k8,"[0, 3, 5, 6]",0.9583333333333334,0.8776041666666666,16,1.0
4,k1+k2+k5+k8,"[0, 1, 4, 6]",0.9505208333333334,0.8958333333333334,16,1.0
4,k1+k3+k4+k8,"[0, 2, 3, 6]",0.9479166666666666,0.8880208333333334,16,1.0
4,k1+k3+k6+k8,"[0, 2, 5, 6]",0.9479166666666666,0.8723958333333334,16,1.0
4,k1+k4+k5+k8,"[0, 3, 4, 6]",0.9427083333333334,0.8880208333333334,16,1.0
4,k1+k2+k4+k8,"[0, 1, 3, 6]",0.9322916666666666,0.8828125,16,1.0
4,k1+k2+k3+k8,"[0, 1, 2, 6]",0.9296875,0.8854166666666666,16,1.0
4,k1+k2+k5+k6,"[0, 1, 4, 5]",0.9166666666666666,0.8255208333333334,16,1.0
4,k2+k5+k6+k8,"[1, 4, 5, 6]",0.90625,0.8463541666666666,16,1.0
4,k1+k2+k4+k6,"[0, 1, 3, 5]",0.8984375,0.8177083333333334,16,1.0
4,k1+k4+k5+k6,"[0, 3, 4, 5]",0.8958333333333334,0.8307291666666666,16,1.0
4,k1+k2+k4+k5,"[0, 1, 3, 4]",0.890625,0.8046875,16,1.0
4,k2+k3+k5+k8,"[1, 2, 4, 6]",0.890625,0.8463541666666666,16,1.0
4,k2+k4+k6+k8,"[1, 3, 5, 6]",0.890625,0.8411458333333334,16,1.0
4,k2+k4+k5+k8,"[1, 3, 4, 6]",0.8854166666666666,0.8307291666666666,16,1.0
4,k3+k4+k6+k8,"[2, 3, 5, 6]",0.8828125,0.8385416666666666,16,1.0
4,k4+k5+k6+k8,"[3, 4, 5, 6]",0.8828125,0.8489583333333334,16,1.0
4,k2+k3+k4+k8,"[1, 2, 3, 6]",0.875,0.8515625,16,1.0
4,k2+k3+k6+k8,"[1, 2, 5, 6]",0.8697916666666666,0.8463541666666666,16,1.0
4,k1+k2+k3+k4,"[0, 1, 2, 3]",0.8671875,0.8333333333333334,16,1.0
4,k1+k2+k3+k5,"[0, 1, 2, 4]",0.8671875,0.8333333333333334,16,1.0
4,k1+k2+k3+k6,"[0, 1, 2, 5]",0.8671875,0.8333333333333334,16,1.0
4,k3+k5+k6+k8,"[2, 4, 5, 6]",0.8645833333333334,0.8359375,16,1.0
4,k1+k3+k4+k5,"[0, 2, 3, 4]",0.8619791666666666,0.8072916666666666,16,1.0
4,k3+k4+k5+k8,"[2, 3, 4, 6]",0.859375,0.8255208333333334,16,1.0
4,k1+k3+k4+k6,"[0, 2, 3, 5]",0.8359375,0.8125,16,1.0
4,k1+k3+k5+k6,"[0, 2, 4, 5]",0.8229166666666666,0.8046875,16,1.0
4,k2+k3+k5+k6,"[1, 2, 4, 5]",0.7083333333333334,0.7005208333333334,16,1.0
4,k2+k3+k4+k5,"[1, 2, 3, 4]",0.6901041666666666,0.6822916666666666,16,1.0
4,k3+k4+k5+k6,"[2, 3, 4, 5]",0.6875,0.7109375,16,1.0
4,k2+k4+k5+k6,"[1, 3, 4, 5]",0.6796875,0.7083333333333334,16,1.0
4,k2+k3+k4+k6,"[1, 2, 3, 5]",0.6614583333333334,0.7161458333333334,16,1.0
5,k1+k2+k5+k6+k8,"[0, 1, 4, 5, 6]",0.9765625,0.8802083333333334,32,1.0
5,k1+k4+k5+k6+k8,"[0, 3, 4, 5, 6]",0.9661458333333334,0.8854166666666666,32,1.0
5,k1+k3+k5+k6+k8,"[0, 2, 4, 5, 6]",0.9609375,0.8854166666666666,32,1.0
5,k1+k2+k3+k5+k8,"[0, 1, 2, 4, 6]",0.953125,0.8880208333333334,32,1.0
5,k1+k2+k4+k6+k8,"[0, 1, 3, 5, 6]",0.953125,0.8776041666666666,32,1.0
5,k1+k2+k3+k4+k8,"[0, 1, 2, 3, 6]",0.9505208333333334,0.8854166666666666,32,1.0
5,k1+k3+k4+k5+k8,"[0, 2, 3, 4, 6]",0.9505208333333334,0.890625,32,1.0
5,k1+k2+k4+k5+k8,"[0, 1, 3, 4, 6]",0.9453125,0.890625,31,0.9973958333333334
5,k1+k3+k4+k6+k8,"[0, 2, 3, 5, 6]",0.9427083333333334,0.8828125,32,1.0
5,k1+k2+k3+k6+k8,"[0, 1, 2, 5, 6]",0.9348958333333334,0.875,31,0.9921875
5,k1+k2+k4+k5+k6,"[0, 1, 3, 4, 5]",0.9192708333333334,0.828125,32,1.0
5,k2+k4+k5+k6+k8,"[1, 3, 4, 5, 6]",0.9088541666666666,0.84375,31,0.9973958333333334
5,k2+k3+k4+k5+k8,"[1, 2, 3, 4, 6]",0.890625,0.8463541666666666,32,1.0
5,k3+k4+k5+k6+k8,"[2, 3, 4, 5, 6]",0.8880208333333334,0.8385416666666666,31,0.9895833333333334
5,k1+k3+k4+k5+k6,"[0, 2, 3, 4, 5]",0.8802083333333334,0.8151041666666666,31,0.9947916666666666
5,k1+k2+k3+k5+k6,"[0, 1, 2, 4, 5]",0.8776041666666666,0.828125,32,1.0
5,k2+k3+k5+k6+k8,"[1, 2, 4, 5, 6]",0.8776041666666666,0.8385416666666666,32,1.0
5,k1+k2+k3+k4+k5,"[0, 1, 2, 3, 4]",0.8723958333333334,0.8229166666666666,32,1.0
5,k1+k2+k3+k4+k6,"[0, 1, 2, 3, 5]",0.8671875,0.8333333333333334,31,0.9921875
5,k2+k3+k4+k6+k8,"[1, 2, 3, 5, 6]",0.8671875,0.8385416666666666,31,0.9921875
5,k2+k3+k4+k5+k6,"[1, 2, 3, 4, 5]",0.6796875,0.671875,30,0.9921875
6,k1+k2+k3+k5+k6+k8,"[0, 1, 2, 4, 5, 6]",0.9765625,0.90625,61,0.984375
6,k1+k2+k4+k5+k6+k8,"[0, 1, 3, 4, 5, 6]",0.9713541666666666,0.875,59,0.9973958333333334
6,k1+k2+k3+k4+k5+k8,"[0, 1, 2, 3, 4, 6]",0.96875,0.8984375,59,0.9869791666666666
6,k1+k3+k4+k5+k6+k8,"[0, 2, 3, 4, 5, 6]",0.953125,0.8932291666666666,57,0.9791666666666666
6,k1+k2+k3+k4+k6+k8,"[0, 1, 2, 3, 5, 6]",0.9453125,0.8802083333333334,58,0.96875
6,k2+k3+k4+k5+k6+k8,"[1, 2, 3, 4, 5, 6]",0.9036458333333334,0.8385416666666666,57,0.9817708333333334
6,k1+k2+k3+k4+k5+k6,"[0, 1, 2, 3, 4, 5]",0.8776041666666666,0.8125,56,0.9791666666666666
7,k1+k2+k3+k4+k5+k6+k8,"[0, 1, 2, 3, 4, 5, 6]",1.0,0.8828125,94,0.9427083333333334
