n,features,acc_vs_label,acc_vs_true,lookup_size
3,G2+G3+G4,1.0,0.8619791666666666,8
4,G1+G2+G3+G4,1.0,0.8619791666666666,16
3,G1+G2+G3,0.8958333333333334,0.8723958333333334,8
1,G3,0.8697916666666666,0.8515625,2
2,G1+G3,0.8697916666666666,0.8515625,4
2,G2+G3,0.8697916666666666,0.8515625,4
2,G3+G4,0.8697916666666666,0.8515625,4
3,G1+G3+G4,0.8697916666666666,0.8515625,8
1,G2,0.7395833333333334,0.6692708333333334,2
3,G1+G2+G4,0.7239583333333334,0.7057291666666666,8
2,G1+G2,0.7213541666666666,0.6770833333333334,4
2,G1+G4,0.7057291666666666,0.6875,4
2,G2+G4,0.703125,0.7005208333333334,4
1,G4,0.6458333333333334,0.6380208333333334,2
1,G1,0.5833333333333334,0.6432291666666666,2
