mask,p,bal,acc,acc0,acc1,n_imp
251,7,0.8666958041958042,0.8645833333333334,0.8920454545454546,0.8413461538461539,13
243,6,0.8645104895104896,0.8645833333333334,0.8636363636363636,0.8653846153846154,10
239,7,0.8618881118881119,0.859375,0.8920454545454546,0.8317307692307693,13
182,5,0.8557692307692308,0.8541666666666666,0.875,0.8365384615384616,6
255,8,0.8538024475524475,0.8515625,0.8806818181818182,0.8269230769230769,15
123,6,0.8489947552447552,0.8463541666666666,0.8806818181818182,0.8173076923076923,11
246,6,0.8481206293706294,0.8463541666666666,0.8693181818181818,0.8269230769230769,11
115,5,0.8463723776223776,0.8463541666666666,0.8465909090909091,0.8461538461538461,6
236,5,0.8459353146853147,0.8463541666666666,0.8409090909090909,0.8509615384615384,8
250,6,0.84375,0.8411458333333334,0.875,0.8125,10
214,5,0.8417832167832169,0.84375,0.8181818181818182,0.8653846153846154,6
127,7,0.8413461538461539,0.8385416666666666,0.875,0.8076923076923077,14
209,4,0.8409090909090908,0.8385416666666666,0.8693181818181818,0.8125,3
238,6,0.8395979020979021,0.8333333333333334,0.9147727272727273,0.7644230769230769,8
55,5,0.8371940559440559,0.8359375,0.8522727272727273,0.8221153846153846,5
241,5,0.8367569930069929,0.8359375,0.8465909090909091,0.8269230769230769,5
247,7,0.8361013986013985,0.8333333333333334,0.8693181818181818,0.8028846153846154,12
242,5,0.8358828671328671,0.8359375,0.8352272727272727,0.8365384615384616,6
237,6,0.8352272727272727,0.8333333333333334,0.8579545454545454,0.8125,9
191,7,0.8352272727272727,0.8333333333333334,0.8579545454545454,0.8125,15
113,4,0.8350087412587412,0.8359375,0.8238636363636364,0.8461538461538461,4
240,4,0.8347902097902098,0.8385416666666666,0.7897727272727273,0.8798076923076923,5
103,5,0.8347902097902098,0.8333333333333334,0.8522727272727273,0.8173076923076923,8
253,7,0.8347902097902098,0.8333333333333334,0.8522727272727273,0.8173076923076923,14
223,7,0.8345716783216783,0.8359375,0.8181818181818182,0.8509615384615384,13
208,3,0.8332604895104896,0.8307291666666666,0.8636363636363636,0.8028846153846154,3
249,6,0.8330419580419581,0.8333333333333334,0.8295454545454546,0.8365384615384616,10
109,5,0.8323863636363636,0.8307291666666666,0.8522727272727273,0.8125,7
121,5,0.8321678321678322,0.8333333333333334,0.8181818181818182,0.8461538461538461,6
215,6,0.8321678321678322,0.8333333333333334,0.8181818181818182,0.8461538461538461,11
230,5,0.8319493006993006,0.8307291666666666,0.8465909090909091,0.8173076923076923,7
252,6,0.8310751748251748,0.8307291666666666,0.8352272727272727,0.8269230769230769,11
185,5,0.8304195804195804,0.828125,0.8579545454545454,0.8028846153846154,7
189,6,0.8304195804195804,0.828125,0.8579545454545454,0.8028846153846154,9
245,6,0.8304195804195804,0.828125,0.8579545454545454,0.8028846153846154,13
174,5,0.8295454545454546,0.828125,0.8465909090909091,0.8125,6
63,6,0.8295454545454546,0.828125,0.8465909090909091,0.8125,12
111,6,0.8291083916083917,0.8229166666666666,0.9034090909090909,0.7548076923076923,8
248,5,0.8275786713286714,0.8307291666666666,0.7897727272727273,0.8653846153846154,6
87,5,0.8273601398601399,0.828125,0.8181818181818182,0.8365384615384616,7
244,5,0.8273601398601399,0.828125,0.8181818181818182,0.8365384615384616,6
47,5,0.826486013986014,0.828125,0.8068181818181818,0.8461538461538461,5
81,3,0.826048951048951,0.8229166666666666,0.8636363636363636,0.7884615384615384,3
173,5,0.8256118881118881,0.8229166666666666,0.8579545454545454,0.7932692307692307,7
254,7,0.8253933566433567,0.8203125,0.8863636363636364,0.7644230769230769,15
125,6,0.8251748251748252,0.8229166666666666,0.8522727272727273,0.7980769230769231,12
205,5,0.8249562937062938,0.8255208333333334,0.8181818181818182,0.8317307692307693,7
119,6,0.8240821678321678,0.8255208333333334,0.8068181818181818,0.8413461538461539,9
117,5,0.8238636363636364,0.8229166666666666,0.8352272727272727,0.8125,5
217,5,0.8238636363636364,0.8229166666666666,0.8352272727272727,0.8125,9
175,6,0.8232080419580419,0.8255208333333334,0.7954545454545454,0.8509615384615384,11
188,5,0.8229895104895104,0.8177083333333334,0.8863636363636364,0.7596153846153846,4
159,6,0.8229895104895104,0.8177083333333334,0.8863636363636364,0.7596153846153846,8
222,6,0.822333916083916,0.8255208333333334,0.7840909090909091,0.8605769230769231,9
220,5,0.8216783216783217,0.8229166666666666,0.8068181818181818,0.8365384615384616,6
183,6,0.8216783216783217,0.8177083333333334,0.8693181818181818,0.7740384615384616,9
116,4,0.8214597902097902,0.8255208333333334,0.7727272727272727,0.8701923076923077,5
234,5,0.8214597902097902,0.8203125,0.8352272727272727,0.8076923076923077,7
216,4,0.8212412587412588,0.8177083333333334,0.8636363636363636,0.7788461538461539,3
213,5,0.8208041958041958,0.8177083333333334,0.8579545454545454,0.7836538461538461,7
212,4,0.8205856643356644,0.8255208333333334,0.7613636363636364,0.8798076923076923,5
148,3,0.8199300699300699,0.8177083333333334,0.8465909090909091,0.7932692307692307,3
95,6,0.8197115384615384,0.8203125,0.8125,0.8269230769230769,8
177,4,0.8192744755244755,0.8151041666666666,0.8693181818181818,0.7692307692307693,3
181,5,0.8192744755244755,0.8151041666666666,0.8693181818181818,0.7692307692307693,8
31,5,0.8186188811188811,0.8177083333333334,0.8295454545454546,0.8076923076923077,5
219,6,0.8181818181818181,0.8229166666666666,0.7613636363636364,0.875,10
231,6,0.8181818181818181,0.8177083333333334,0.8238636363636364,0.8125,13
235,6,0.8179632867132867,0.8151041666666666,0.8522727272727273,0.7836538461538461,8
149,4,0.8166520979020979,0.8151041666666666,0.8352272727272727,0.7980769230769231,4
61,5,0.816215034965035,0.8098958333333334,0.8920454545454546,0.7403846153846154,5
85,4,0.8159965034965035,0.8177083333333334,0.7954545454545454,0.8365384615384616,3
112,3,0.8155594405594406,0.8125,0.8522727272727273,0.7788461538461539,3
190,6,0.8146853146853147,0.8125,0.8409090909090909,0.7884615384615384,11
83,4,0.8125,0.8177083333333334,0.75,0.875,4
180,4,0.8125,0.8125,0.8125,0.8125,4
196,3,0.8122814685314685,0.8098958333333334,0.8409090909090909,0.7836538461538461,3
51,4,0.8120629370629371,0.8177083333333334,0.7443181818181818,0.8798076923076923,4
21,3,0.8118444055944056,0.8098958333333334,0.8352272727272727,0.7884615384615384,3
221,6,0.8118444055944056,0.8151041666666666,0.7727272727272727,0.8509615384615384,10
176,3,0.8114073426573427,0.8098958333333334,0.8295454545454546,0.7932692307692307,3
53,4,0.8114073426573427,0.8098958333333334,0.8295454545454546,0.7932692307692307,4
52,3,0.8109702797202798,0.8098958333333334,0.8238636363636364,0.7980769230769231,3
29,4,0.8105332167832169,0.8098958333333334,0.8181818181818182,0.8028846153846154,4
93,5,0.8105332167832169,0.8151041666666666,0.7556818181818182,0.8653846153846154,6
206,5,0.8105332167832169,0.8098958333333334,0.8181818181818182,0.8028846153846154,7
49,3,0.8098776223776224,0.8072916666666666,0.8409090909090909,0.7788461538461539,3
210,4,0.8096590909090908,0.8151041666666666,0.7443181818181818,0.875,4
157,5,0.8094405594405594,0.8072916666666666,0.8352272727272727,0.7836538461538461,5
107,5,0.8092220279720279,0.8098958333333334,0.8011363636363636,0.8173076923076923,6
57,4,0.8090034965034965,0.8072916666666666,0.8295454545454546,0.7884615384615384,4
151,5,0.8081293706293706,0.8072916666666666,0.8181818181818182,0.7980769230769231,8
110,5,0.8074737762237763,0.8046875,0.8409090909090909,0.7740384615384616,7
45,4,0.8063811188811189,0.8072916666666666,0.7954545454545454,0.8173076923076923,4
118,5,0.8061625874125874,0.8046875,0.8238636363636364,0.7884615384615384,5
211,5,0.8059440559440559,0.8072916666666666,0.7897727272727273,0.8221153846153846,5
91,5,0.8057255244755245,0.8098958333333334,0.7556818181818182,0.8557692307692307,5
156,4,0.8052884615384616,0.8046875,0.8125,0.7980769230769231,4
101,4,0.8050699300699301,0.8072916666666666,0.7784090909090909,0.8317307692307693,5
199,5,0.8050699300699301,0.8020833333333334,0.8409090909090909,0.7692307692307693,7
114,4,0.8048513986013985,0.8098958333333334,0.7443181818181818,0.8653846153846154,4
207,6,0.8048513986013985,0.8046875,0.8068181818181818,0.8028846153846154,10
100,3,0.8044143356643356,0.7994791666666666,0.8636363636363636,0.7451923076923077,3
69,3,0.8035402097902098,0.7994791666666666,0.8522727272727273,0.7548076923076923,3
184,4,0.8035402097902098,0.8046875,0.7897727272727273,0.8173076923076923,4
172,4,0.8024475524475525,0.8020833333333334,0.8068181818181818,0.7980769230769231,4
178,4,0.8024475524475525,0.8020833333333334,0.8068181818181818,0.7980769230769231,4
197,4,0.802229020979021,0.7994791666666666,0.8352272727272727,0.7692307692307693,4
59,5,0.8013548951048951,0.7994791666666666,0.8238636363636364,0.7788461538461539,8
79,5,0.8013548951048951,0.7994791666666666,0.8238636363636364,0.7788461538461539,7
179,5,0.8013548951048951,0.8046875,0.7613636363636364,0.8413461538461539,4
218,5,0.8011363636363636,0.8072916666666666,0.7272727272727273,0.875,5
89,4,0.8009178321678322,0.7994791666666666,0.8181818181818182,0.7836538461538461,4
37,3,0.8002622377622377,0.796875,0.8409090909090909,0.7596153846153846,3
204,4,0.7996066433566433,0.7994791666666666,0.8011363636363636,0.7980769230769231,4
187,6,0.798513986013986,0.796875,0.8181818181818182,0.7788461538461539,10
124,5,0.7982954545454546,0.7994791666666666,0.7840909090909091,0.8125,6
77,4,0.7980769230769231,0.796875,0.8125,0.7836538461538461,4
143,5,0.7978583916083917,0.7942708333333334,0.8409090909090909,0.7548076923076923,7
186,5,0.7974213286713286,0.7994791666666666,0.7727272727272727,0.8221153846153846,6
228,4,0.7967657342657343,0.8020833333333334,0.7329545454545454,0.8605769230769231,5
84,3,0.7950174825174825,0.7916666666666666,0.8352272727272727,0.7548076923076923,3
102,4,0.794798951048951,0.7942708333333334,0.8011363636363636,0.7884615384615384,4
142,4,0.7934877622377623,0.7890625,0.8465909090909091,0.7403846153846154,3
158,5,0.7934877622377623,0.7942708333333334,0.7840909090909091,0.8028846153846154,7
166,4,0.7932692307692308,0.796875,0.75,0.8365384615384616,4
171,5,0.7926136363636364,0.7942708333333334,0.7727272727272727,0.8125,7
15,4,0.7919580419580419,0.7864583333333334,0.8579545454545454,0.7259615384615384,3
23,4,0.7919580419580419,0.796875,0.7329545454545454,0.8509615384615384,4
126,6,0.7902097902097902,0.7864583333333334,0.8352272727272727,0.7451923076923077,9
164,3,0.7880244755244755,0.7864583333333334,0.8068181818181818,0.7692307692307693,3
38,3,0.7878059440559441,0.7838541666666666,0.8352272727272727,0.7403846153846154,3
13,3,0.7867132867132867,0.7864583333333334,0.7897727272727273,0.7836538461538461,3
198,4,0.7858391608391608,0.7760416666666666,0.9034090909090909,0.6682692307692307,3
225,4,0.7845279720279721,0.78125,0.8238636363636364,0.7451923076923077,4
155,5,0.7845279720279721,0.7864583333333334,0.7613636363636364,0.8076923076923077,7
39,4,0.7843094405594406,0.7838541666666666,0.7897727272727273,0.7788461538461539,3
141,4,0.7834353146853147,0.7838541666666666,0.7784090909090909,0.7884615384615384,4
150,4,0.7825611888111889,0.7890625,0.7045454545454546,0.8605769230769231,4
226,4,0.7821241258741258,0.7786458333333334,0.8238636363636364,0.7403846153846154,4
229,5,0.78125,0.7838541666666666,0.75,0.8125,7
99,4,0.7810314685314685,0.7760416666666666,0.8409090909090909,0.7211538461538461,4
108,4,0.7805944055944056,0.78125,0.7727272727272727,0.7884615384615384,4
92,4,0.7797202797202798,0.78125,0.7613636363636364,0.7980769230769231,4
46,4,0.7795017482517483,0.7786458333333334,0.7897727272727273,0.7692307692307693,4
134,3,0.7788461538461539,0.78125,0.75,0.8076923076923077,3
71,4,0.7784090909090908,0.7760416666666666,0.8068181818181818,0.75,4
168,3,0.7779720279720279,0.7760416666666666,0.8011363636363636,0.7548076923076923,3
97,3,0.7753496503496504,0.7708333333333334,0.8295454545454546,0.7211538461538461,3
165,4,0.7751311188811189,0.7734375,0.7954545454545454,0.7548076923076923,4
19,3,0.7744755244755245,0.7760416666666666,0.7556818181818182,0.7932692307692307,3
140,3,0.7738199300699301,0.7734375,0.7784090909090909,0.7692307692307693,3
27,4,0.7736013986013985,0.7760416666666666,0.7443181818181818,0.8028846153846154,4
122,5,0.7736013986013985,0.7760416666666666,0.7443181818181818,0.8028846153846154,7
147,4,0.7733828671328671,0.7734375,0.7727272727272727,0.7740384615384616,3
224,3,0.7727272727272727,0.7708333333333334,0.7954545454545454,0.75,3
41,3,0.7716346153846154,0.7682291666666666,0.8125,0.7307692307692307,3
50,3,0.771416083916084,0.7708333333333334,0.7784090909090909,0.7644230769230769,3
54,4,0.771416083916084,0.7708333333333334,0.7784090909090909,0.7644230769230769,3
22,3,0.7705419580419581,0.7708333333333334,0.7670454545454546,0.7740384615384616,3
120,4,0.7705419580419581,0.7760416666666666,0.7045454545454546,0.8365384615384616,4
62,5,0.7692307692307692,0.7708333333333334,0.75,0.7884615384615384,6
86,4,0.7690122377622377,0.7734375,0.7159090909090909,0.8221153846153846,4
169,4,0.7674825174825175,0.7604166666666666,0.8522727272727273,0.6826923076923077,3
201,4,0.767263986013986,0.7682291666666666,0.7556818181818182,0.7788461538461539,3
105,4,0.7670454545454546,0.7708333333333334,0.7215909090909091,0.8125,4
98,3,0.7668269230769231,0.7630208333333334,0.8125,0.7211538461538461,3
227,5,0.7657342657342657,0.7604166666666666,0.8295454545454546,0.7019230769230769,6
194,3,0.7652972027972028,0.765625,0.7613636363636364,0.7692307692307693,3
200,3,0.7648601398601399,0.765625,0.7556818181818182,0.7740384615384616,3
202,4,0.7648601398601399,0.765625,0.7556818181818182,0.7740384615384616,3
203,5,0.7646416083916083,0.7682291666666666,0.7215909090909091,0.8076923076923077,7
58,4,0.763986013986014,0.765625,0.7443181818181818,0.7836538461538461,4
60,4,0.7637674825174825,0.7630208333333334,0.7727272727272727,0.7548076923076923,4
146,3,0.7626748251748252,0.765625,0.7272727272727273,0.7980769230769231,3
233,5,0.7607080419580419,0.7630208333333334,0.7329545454545454,0.7884615384615384,5
167,5,0.759833916083916,0.7630208333333334,0.7215909090909091,0.7980769230769231,7
25,3,0.7583041958041958,0.7604166666666666,0.7329545454545454,0.7836538461538461,3
153,4,0.7583041958041958,0.7604166666666666,0.7329545454545454,0.7836538461538461,3
232,4,0.7583041958041958,0.7604166666666666,0.7329545454545454,0.7836538461538461,4
7,3,0.7576486013986015,0.7578125,0.7556818181818182,0.7596153846153846,3
73,3,0.7576486013986015,0.7578125,0.7556818181818182,0.7596153846153846,3
195,4,0.7563374125874126,0.7526041666666666,0.8011363636363636,0.7115384615384616,3
82,3,0.7554632867132867,0.7578125,0.7272727272727273,0.7836538461538461,3
154,4,0.7548076923076923,0.7604166666666666,0.6875,0.8221153846153846,4
67,3,0.7545891608391608,0.7526041666666666,0.7784090909090909,0.7307692307692307,3
43,4,0.7539335664335665,0.765625,0.6136363636363636,0.8942307692307693,5
152,3,0.7526223776223776,0.7552083333333334,0.7215909090909091,0.7836538461538461,3
76,3,0.7517482517482517,0.75,0.7727272727272727,0.7307692307692307,3
75,4,0.7497814685314685,0.7578125,0.6534090909090909,0.8461538461538461,4
56,3,0.7475961538461539,0.7526041666666666,0.6875,0.8076923076923077,2
30,4,0.7465034965034965,0.75,0.7045454545454546,0.7884615384615384,4
16,1,0.7438811188811189,0.7447916666666666,0.7329545454545454,0.7548076923076923,1
18,2,0.7438811188811189,0.7447916666666666,0.7329545454545454,0.7548076923076923,1
20,2,0.7438811188811189,0.7447916666666666,0.7329545454545454,0.7548076923076923,1
104,3,0.7421328671328671,0.7395833333333334,0.7727272727272727,0.7115384615384616,3
106,4,0.7421328671328671,0.7395833333333334,0.7727272727272727,0.7115384615384616,3
26,3,0.7410402097902098,0.7473958333333334,0.6647727272727273,0.8173076923076923,2
28,3,0.7408216783216783,0.7447916666666666,0.6931818181818182,0.7884615384615384,2
162,3,0.7406031468531469,0.7421875,0.7215909090909091,0.7596153846153846,3
90,4,0.7399475524475525,0.7447916666666666,0.6818181818181818,0.7980769230769231,4
137,3,0.739729020979021,0.7421875,0.7102272727272727,0.7692307692307693,3
170,4,0.739729020979021,0.7526041666666666,0.5852272727272727,0.8942307692307693,5
36,2,0.7392919580419581,0.7526041666666666,0.5795454545454546,0.8990384615384616,2
139,4,0.7388548951048951,0.7526041666666666,0.5738636363636364,0.9038461538461539,4
80,2,0.7386363636363636,0.7552083333333334,0.5397727272727273,0.9375,2
88,3,0.7386363636363636,0.7552083333333334,0.5397727272727273,0.9375,2
4,1,0.7368881118881119,0.734375,0.7670454545454546,0.7067307692307693,1
6,2,0.7368881118881119,0.734375,0.7670454545454546,0.7067307692307693,1
78,4,0.7362325174825175,0.7369791666666666,0.7272727272727273,0.7451923076923077,3
48,2,0.7357954545454546,0.7526041666666666,0.5340909090909091,0.9375,2
44,3,0.7349213286713286,0.7317708333333334,0.7727272727272727,0.6971153846153846,3
35,3,0.7347027972027972,0.734375,0.7386363636363636,0.7307692307692307,3
70,3,0.7342657342657343,0.7395833333333334,0.6704545454545454,0.7980769230769231,2
133,3,0.7333916083916083,0.734375,0.7215909090909091,0.7451923076923077,3
74,3,0.7312062937062938,0.7395833333333334,0.6306818181818182,0.8317307692307693,2
94,5,0.7272727272727273,0.7291666666666666,0.7045454545454546,0.75,5
193,3,0.7220279720279721,0.7239583333333334,0.6988636363636364,0.7451923076923077,3
11,3,0.7194055944055944,0.734375,0.5397727272727273,0.8990384615384616,2
163,4,0.71875,0.7265625,0.625,0.8125,4
131,3,0.7117569930069929,0.7161458333333334,0.6590909090909091,0.7644230769230769,3
42,3,0.7097902097902098,0.7083333333333334,0.7272727272727273,0.6923076923076923,3
64,1,0.7095716783216783,0.7057291666666666,0.7556818181818182,0.6634615384615384,1
66,2,0.7095716783216783,0.7057291666666666,0.7556818181818182,0.6634615384615384,1
68,2,0.7095716783216783,0.7057291666666666,0.7556818181818182,0.6634615384615384,1
72,2,0.7095716783216783,0.7057291666666666,0.7556818181818182,0.6634615384615384,1
96,2,0.7095716783216783,0.7057291666666666,0.7556818181818182,0.6634615384615384,1
192,2,0.7095716783216783,0.7057291666666666,0.7556818181818182,0.6634615384615384,1
32,1,0.7091346153846154,0.7057291666666666,0.75,0.6682692307692307,1
40,2,0.7091346153846154,0.7057291666666666,0.75,0.6682692307692307,1
65,2,0.7082604895104895,0.6901041666666666,0.9261363636363636,0.49038461538461536,1
145,3,0.7034527972027972,0.7213541666666666,0.48863636363636365,0.9182692307692307,2
17,2,0.7027972027972028,0.7239583333333334,0.44886363636363635,0.9567307692307693,2
138,3,0.6990821678321678,0.7005208333333334,0.6818181818181818,0.7163461538461539,3
14,3,0.6940559440559441,0.6927083333333334,0.7102272727272727,0.6778846153846154,3
161,3,0.6927447552447552,0.703125,0.5681818181818182,0.8173076923076923,2
33,2,0.6920891608391608,0.7057291666666666,0.5284090909090909,0.8557692307692307,2
1,1,0.6918706293706294,0.6927083333333334,0.6818181818181818,0.7019230769230769,1
3,2,0.6918706293706294,0.6927083333333334,0.6818181818181818,0.7019230769230769,1
5,2,0.6918706293706294,0.6927083333333334,0.6818181818181818,0.7019230769230769,1
129,2,0.6918706293706294,0.6927083333333334,0.6818181818181818,0.7019230769230769,1
160,2,0.6866258741258742,0.703125,0.48863636363636365,0.8846153846153846,2
12,2,0.6861888111888111,0.703125,0.48295454545454547,0.8894230769230769,2
24,2,0.6848776223776224,0.6979166666666666,0.5284090909090909,0.8413461538461539,2
135,4,0.6759178321678322,0.6848958333333334,0.5681818181818182,0.7836538461538461,5
128,1,0.6654283216783217,0.6692708333333334,0.6193181818181818,0.7115384615384616,1
130,2,0.6654283216783217,0.6692708333333334,0.6193181818181818,0.7115384615384616,1
132,2,0.6654283216783217,0.6692708333333334,0.6193181818181818,0.7115384615384616,1
144,2,0.6634615384615384,0.6875,0.375,0.9519230769230769,2
34,2,0.6625874125874126,0.6822916666666666,0.42613636363636365,0.8990384615384616,2
9,2,0.6516608391608392,0.6770833333333334,0.3465909090909091,0.9567307692307693,2
136,2,0.6228146853146853,0.6510416666666666,0.2840909090909091,0.9615384615384616,2
2,1,0.6160402097902098,0.6171875,0.6022727272727273,0.6298076923076923,1
8,1,0.6016171328671329,0.6015625,0.6022727272727273,0.6009615384615384,1
10,2,0.6016171328671329,0.6015625,0.6022727272727273,0.6009615384615384,1
