i,j,abs_rho
Pregnancies,Age,0.6072163388236559
Insulin,SkinThickness,0.5410001366628014
SkinThickness,BMI,0.44361450828836047
Age,BloodPressure,0.3508945932216354
BloodPressure,BMI,0.29287043032041404
Age,Glucose,0.28504471995581177
BloodPressure,Glucose,0.23519061347818354
Glucose,BMI,0.23114119425993723
DiabetesPedigreeFunction,Insulin,0.22115049154027588
Glucose,Insulin,0.21320580456193106
BMI,Insulin,0.19272568063619994
Pregnancies,BloodPressure,0.18512673205801747
SkinThickness,DiabetesPedigreeFunction,0.18039048342264027
DiabetesPedigreeFunction,BMI,0.14119202973187467
Age,BMI,0.13118588054276872
Glucose,Pregnancies,0.13073352406886674
Insulin,Pregnancies,0.12672272417606537
SkinThickness,BloodPressure,0.12648587140494302
Age,Insulin,0.1142129172644335
Glucose,DiabetesPedigreeFunction,0.09129336487628698
SkinThickness,Pregnancies,0.08522230764950285
SkinThickness,Age,0.06679492114381454
SkinThickness,Glucose,0.06002215292552161
DiabetesPedigreeFunction,Pregnancies,0.04324150124936041
DiabetesPedigreeFunction,Age,0.042908587709087904
BloodPressure,DiabetesPedigreeFunction,0.030046334854222177
Insulin,BloodPressure,0.0067705718113126355
Pregnancies,BMI,0.0001321468693199425
