measure,thr,m,balance,silhouette,davies_bouldin,calinski_harabasz,score,accuracy,balanced_accuracy,f1_macro,precision_1,recall_1,f1_1
abs_Q,0.352857780462,2,0.3333333333333333,0.5046317878175528,0.815155718714576,749.5780012375449,0.5209563037908373,0.6510416666666666,0.5831044776119403,0.5841603361887829,0.5,0.3582089552238806,0.4173913043478261
abs_Q,0.368998917892,2,0.3333333333333333,0.5046317878175528,0.815155718714576,749.5780012375449,0.5209563037908373,0.6510416666666666,0.5831044776119403,0.5841603361887829,0.5,0.3582089552238806,0.4173913043478261
abs_Q,0.353191601188,2,0.3333333333333333,0.5046317878175528,0.815155718714576,749.5780012375449,0.5209563037908373,0.6510416666666666,0.5831044776119403,0.5841603361887829,0.5,0.3582089552238806,0.4173913043478261
abs_phi,0.190424652888,2,0.3333333333333333,0.5046317878175528,0.815155718714576,749.5780012375449,0.5209563037908373,0.6510416666666666,0.5831044776119403,0.5841603361887829,0.5,0.3582089552238806,0.4173913043478261
abs_phi,0.182380741515,2,0.3333333333333333,0.5046317878175528,0.815155718714576,749.5780012375449,0.5209563037908373,0.6510416666666666,0.5831044776119403,0.5841603361887829,0.5,0.3582089552238806,0.4173913043478261
abs_phi,0.182291666667,2,0.3333333333333333,0.5046317878175528,0.815155718714576,749.5780012375449,0.5209563037908373,0.6510416666666666,0.5831044776119403,0.5841603361887829,0.5,0.3582089552238806,0.4173913043478261
abs_Y,0.182475997435,2,0.3333333333333333,0.5046317878175528,0.815155718714576,749.5780012375449,0.5209563037908373,0.6510416666666666,0.5831044776119403,0.5841603361887829,0.5,0.3582089552238806,0.4173913043478261
abs_Y,0.191247649028,2,0.3333333333333333,0.5046317878175528,0.815155718714576,749.5780012375449,0.5209563037908373,0.6510416666666666,0.5831044776119403,0.5841603361887829,0.5,0.3582089552238806,0.4173913043478261
abs_Y,0.210603380314,2,0.3333333333333333,0.5046317878175528,0.815155718714576,749.5780012375449,0.5209563037908373,0.6510416666666666,0.5831044776119403,0.5841603361887829,0.5,0.3582089552238806,0.4173913043478261
abs_Q,0.403318077803,2,0.3333333333333333,0.5046317878175528,0.815155718714576,749.5780012375449,0.5209563037908373,0.6510416666666666,0.5831044776119403,0.5841603361887829,0.5,0.3582089552238806,0.4173913043478261
abs_Y,0.182291666667,2,0.3333333333333333,0.5046317878175528,0.815155718714576,749.5780012375449,0.5209563037908373,0.6510416666666666,0.5831044776119403,0.5841603361887829,0.5,0.3582089552238806,0.4173913043478261
K,1.172888817441,2,0.8640776699029126,0.34752223311870445,1.1466078807028532,443.3073021966625,0.38127699906469625,0.6953125,0.7028059701492537,0.6842105263157894,0.547752808988764,0.7276119402985075,0.625
K,1.182291666667,3,0.3450087565674256,0.3633280013611799,1.1927551672936003,377.42104173742104,0.3087752028157885,0.6627604166666666,0.5981641791044776,0.6005903436643474,0.5228426395939086,0.3843283582089552,0.443010752688172
abs_Y,0.215998734526,3,0.6445396145610278,0.33078342338660655,1.2975945900514962,358.5244266626148,0.2981536154748998,0.73046875,0.7176865671641791,0.7110698753051035,0.6013289036544851,0.6753731343283582,0.6362038664323374
abs_phi,0.214709718628,3,0.6445396145610278,0.33078342338660655,1.2975945900514962,358.5244266626148,0.2981536154748998,0.73046875,0.7176865671641791,0.7110698753051035,0.6013289036544851,0.6753731343283582,0.6362038664323374
abs_Q,0.412740857255,3,0.6445396145610278,0.33078342338660655,1.2975945900514962,358.5244266626148,0.2981536154748998,0.73046875,0.7176865671641791,0.7110698753051035,0.6013289036544851,0.6753731343283582,0.6362038664323374
abs_phi,0.210505611186,3,0.6445396145610278,0.33078342338660655,1.2975945900514962,358.5244266626148,0.2981536154748998,0.73046875,0.7176865671641791,0.7110698753051035,0.6013289036544851,0.6753731343283582,0.6362038664323374
K,1.23121429088,4,0.5933609958506224,0.27366901416712697,1.5468342135288804,265.8066605374592,0.18450793386761388,0.7473958333333334,0.7298208955223882,0.726131743219099,0.6293706293706294,0.6716417910447762,0.6498194945848375
abs_Y,0.262367202643,4,0.5933609958506224,0.27366901416712697,1.5468342135288804,265.8066605374592,0.18450793386761388,0.7473958333333334,0.7298208955223882,0.726131743219099,0.6293706293706294,0.6716417910447762,0.6498194945848375
abs_phi,0.261387668174,4,0.5933609958506224,0.27366901416712697,1.5468342135288804,265.8066605374592,0.18450793386761388,0.7473958333333334,0.7298208955223882,0.726131743219099,0.6293706293706294,0.6716417910447762,0.6498194945848375
K,1.200341005968,4,0.5933609958506224,0.27366901416712697,1.5468342135288804,265.8066605374592,0.18450793386761388,0.7473958333333334,0.7298208955223882,0.726131743219099,0.6293706293706294,0.6716417910447762,0.6498194945848375
abs_Q,0.49093980344,5,0.7777777777777778,0.21866906149014043,1.7573485135872022,203.64030416197707,0.10073148557694447,0.7057291666666666,0.7056119402985075,0.6916692720916351,0.5625,0.7052238805970149,0.6258278145695364
abs_Y,0.388719326517,5,0.7777777777777778,0.21866906149014043,1.7573485135872022,203.64030416197707,0.10073148557694447,0.7057291666666666,0.7056119402985075,0.6916692720916351,0.5625,0.7052238805970149,0.6258278145695364
K,1.37343358396,6,0.5609756097560976,0.21264768447521387,1.8606860535790088,180.541893208918,0.03511575308292143,0.7213541666666666,0.6968358208955223,0.6954459203036053,0.5978260869565217,0.6156716417910447,0.6066176470588235
abs_phi,0.414180778407,6,0.5609756097560976,0.21264768447521387,1.8606860535790088,180.541893208918,0.03511575308292143,0.7213541666666666,0.6968358208955223,0.6954459203036053,0.5978260869565217,0.6156716417910447,0.6066176470588235
abs_Q,0.707515013796,6,0.5609756097560976,0.21264768447521387,1.8606860535790088,180.541893208918,0.03511575308292143,0.7213541666666666,0.6968358208955223,0.6954459203036053,0.5978260869565217,0.6156716417910447,0.6066176470588235
abs_phi,0.388317208954,6,0.5609756097560976,0.21264768447521387,1.8606860535790088,180.541893208918,0.03511575308292143,0.7213541666666666,0.6968358208955223,0.6954459203036053,0.5978260869565217,0.6156716417910447,0.6066176470588235
K,1.396236705754,6,0.5609756097560976,0.21264768447521387,1.8606860535790088,180.541893208918,0.03511575308292143,0.7213541666666666,0.6968358208955223,0.6954459203036053,0.5978260869565217,0.6156716417910447,0.6066176470588235
abs_Q,0.675385995562,6,0.5609756097560976,0.21264768447521387,1.8606860535790088,180.541893208918,0.03511575308292143,0.7213541666666666,0.6968358208955223,0.6954459203036053,0.5978260869565217,0.6156716417910447,0.6066176470588235
abs_Y,0.414551891514,7,0.648068669527897,0.18960394112162807,1.8817880038285233,178.73580624954232,-0.01052107175860309,0.6588541666666666,0.6393134328358209,0.6345646725509426,0.5099337748344371,0.5746268656716418,0.5403508771929825
K,1.509433962264,7,0.648068669527897,0.18960394112162807,1.8817880038285233,178.73580624954232,-0.01052107175860309,0.6588541666666666,0.6393134328358209,0.6345646725509426,0.5099337748344371,0.5746268656716418,0.5403508771929825
abs_Q,0.873315363881,7,0.648068669527897,0.18960394112162807,1.8817880038285233,178.73580624954232,-0.01052107175860309,0.6588541666666666,0.6393134328358209,0.6345646725509426,0.5099337748344371,0.5746268656716418,0.5403508771929825
abs_phi,0.58353609475,7,0.648068669527897,0.18960394112162807,1.8817880038285233,178.73580624954232,-0.01052107175860309,0.6588541666666666,0.6393134328358209,0.6345646725509426,0.5099337748344371,0.5746268656716418,0.5403508771929825
K,1.5094339632640001,8,0.6,0.17081331903496044,2.086321178975556,146.94901616032985,-0.07829630008497412,0.6770833333333334,0.6533134328358209,0.6504478050212891,0.5347222222222222,0.5746268656716418,0.5539568345323741
abs_Q,0.8733153648809999,8,0.6,0.17081331903496044,2.086321178975556,146.94901616032985,-0.07829630008497412,0.6770833333333334,0.6533134328358209,0.6504478050212891,0.5347222222222222,0.5746268656716418,0.5539568345323741
abs_phi,0.58353609575,8,0.6,0.17081331903496044,2.086321178975556,146.94901616032985,-0.07829630008497412,0.6770833333333334,0.6533134328358209,0.6504478050212891,0.5347222222222222,0.5746268656716418,0.5539568345323741
abs_Y,0.5872388526369999,8,0.6,0.17081331903496044,2.086321178975556,146.94901616032985,-0.07829630008497412,0.6770833333333334,0.6533134328358209,0.6504478050212891,0.5347222222222222,0.5746268656716418,0.5539568345323741
abs_Y,0.587238851637,8,0.6,0.17081331903496044,2.086321178975556,146.94901616032985,-0.07829630008497412,0.6770833333333334,0.6533134328358209,0.6504478050212891,0.5347222222222222,0.5746268656716418,0.5539568345323741
