filenames,label
0.jpg,12
1.jpg,33
2.jpg,4
3.jpg,42
4.jpg,26
5.jpg,0
6.jpg,2
7.jpg,31
8.jpg,25
9.jpg,18
10.jpg,4
11.jpg,6
12.jpg,33
13.jpg,28
14.jpg,45
15.jpg,40
16.jpg,27
17.jpg,45
18.jpg,4
19.jpg,27
20.jpg,45
21.jpg,10
22.jpg,16
23.jpg,18
24.jpg,10
25.jpg,36
26.jpg,37
27.jpg,18
28.jpg,31
29.jpg,20
30.jpg,37
31.jpg,14
32.jpg,37
33.jpg,39
34.jpg,10
35.jpg,31
36.jpg,0
37.jpg,25
38.jpg,5
39.jpg,45
40.jpg,42
41.jpg,7
42.jpg,27
43.jpg,3
44.jpg,38
45.jpg,38
46.jpg,15
47.jpg,25
48.jpg,3
49.jpg,40
50.jpg,28
51.jpg,36
52.jpg,7
53.jpg,12
54.jpg,0
55.jpg,23
56.jpg,24
57.jpg,37
58.jpg,10
59.jpg,32
60.jpg,30
61.jpg,2
62.jpg,48
63.jpg,45
64.jpg,40
65.jpg,26
66.jpg,40
67.jpg,45
68.jpg,23
69.jpg,19
70.jpg,33
71.jpg,15
72.jpg,31
73.jpg,42
74.jpg,18
75.jpg,20
76.jpg,0
77.jpg,28
78.jpg,4
79.jpg,18
80.jpg,40
81.jpg,32
82.jpg,15
83.jpg,17
84.jpg,1
85.jpg,5
86.jpg,8
87.jpg,44
88.jpg,29
89.jpg,43
90.jpg,10
91.jpg,1
92.jpg,31
93.jpg,5
94.jpg,28
95.jpg,45
96.jpg,14
97.jpg,31
98.jpg,22
99.jpg,29
100.jpg,5
101.jpg,0
102.jpg,49
103.jpg,39
104.jpg,26
105.jpg,20
106.jpg,23
107.jpg,36
108.jpg,14
109.jpg,41
110.jpg,28
111.jpg,36
112.jpg,14
113.jpg,35
114.jpg,37
115.jpg,17
116.jpg,33
117.jpg,41
118.jpg,30
119.jpg,34
120.jpg,8
121.jpg,49
122.jpg,42
123.jpg,45
124.jpg,34
125.jpg,12
126.jpg,35
127.jpg,29
128.jpg,49
129.jpg,23
130.jpg,39
131.jpg,34
132.jpg,7
133.jpg,17
134.jpg,47
135.jpg,28
136.jpg,5
137.jpg,41
138.jpg,22
139.jpg,46
140.jpg,10
141.jpg,12
142.jpg,24
143.jpg,19
144.jpg,17
145.jpg,25
146.jpg,17
147.jpg,41
148.jpg,15
149.jpg,37
150.jpg,17
151.jpg,8
152.jpg,28
153.jpg,31
154.jpg,30
155.jpg,40
156.jpg,12
157.jpg,22
158.jpg,33
159.jpg,4
160.jpg,3
161.jpg,2
162.jpg,21
163.jpg,33
164.jpg,7
165.jpg,0
166.jpg,28
167.jpg,38
168.jpg,40
169.jpg,26
170.jpg,2
171.jpg,40
172.jpg,4
173.jpg,13
174.jpg,7
175.jpg,5
176.jpg,17
177.jpg,45
178.jpg,35
179.jpg,49
180.jpg,21
181.jpg,3
182.jpg,0
183.jpg,26
184.jpg,21
185.jpg,13
186.jpg,44
187.jpg,20
188.jpg,10
189.jpg,44
190.jpg,15
191.jpg,41
192.jpg,4
193.jpg,18
194.jpg,26
195.jpg,36
196.jpg,49
197.jpg,13
198.jpg,24
199.jpg,28
200.jpg,43
201.jpg,21
202.jpg,19
203.jpg,0
204.jpg,15
205.jpg,41
206.jpg,38
207.jpg,23
208.jpg,8
209.jpg,48
210.jpg,19
211.jpg,13
212.jpg,2
213.jpg,16
214.jpg,37
215.jpg,4
216.jpg,48
217.jpg,9
218.jpg,13
219.jpg,17
220.jpg,17
221.jpg,26
222.jpg,7
223.jpg,49
224.jpg,33
225.jpg,7
226.jpg,32
227.jpg,16
228.jpg,43
229.jpg,4
230.jpg,14
231.jpg,22
232.jpg,7
233.jpg,15
234.jpg,26
235.jpg,19
236.jpg,33
237.jpg,49
238.jpg,13
239.jpg,25
240.jpg,31
241.jpg,4
242.jpg,7
243.jpg,32
244.jpg,36
245.jpg,17
246.jpg,15
247.jpg,12
248.jpg,40
249.jpg,30
250.jpg,48
251.jpg,30
252.jpg,1
253.jpg,2
254.jpg,39
255.jpg,39
256.jpg,47
257.jpg,42
258.jpg,29
259.jpg,37
260.jpg,47
261.jpg,35
262.jpg,7
263.jpg,8
264.jpg,37
265.jpg,0
266.jpg,6
267.jpg,31
268.jpg,41
269.jpg,28
270.jpg,48
271.jpg,38
272.jpg,31
273.jpg,29
274.jpg,34
275.jpg,49
276.jpg,39
277.jpg,9
278.jpg,47
279.jpg,18
280.jpg,35
281.jpg,15
282.jpg,42
283.jpg,12
284.jpg,21
285.jpg,31
286.jpg,16
287.jpg,31
288.jpg,47
289.jpg,37
290.jpg,16
291.jpg,2
292.jpg,26
293.jpg,43
294.jpg,3
295.jpg,33
296.jpg,41
297.jpg,41
298.jpg,17
299.jpg,10
300.jpg,10
301.jpg,2
302.jpg,10
303.jpg,42
304.jpg,5
305.jpg,12
306.jpg,34
307.jpg,40
308.jpg,44
309.jpg,37
310.jpg,20
311.jpg,17
312.jpg,37
313.jpg,47
314.jpg,35
315.jpg,36
316.jpg,33
317.jpg,47
318.jpg,7
319.jpg,8
320.jpg,14
321.jpg,8
322.jpg,21
323.jpg,5
324.jpg,2
325.jpg,45
326.jpg,38
327.jpg,39
328.jpg,5
329.jpg,13
330.jpg,41
331.jpg,34
332.jpg,28
333.jpg,32
334.jpg,30
335.jpg,27
336.jpg,42
337.jpg,3
338.jpg,21
339.jpg,0
340.jpg,9
341.jpg,33
342.jpg,39
343.jpg,43
344.jpg,33
345.jpg,17
346.jpg,9
347.jpg,11
348.jpg,7
349.jpg,5
350.jpg,0
351.jpg,47
352.jpg,21
353.jpg,22
354.jpg,32
355.jpg,18
356.jpg,44
357.jpg,47
358.jpg,14
359.jpg,24
360.jpg,37
361.jpg,37
362.jpg,49
363.jpg,9
364.jpg,43
365.jpg,38
366.jpg,14
367.jpg,17
368.jpg,7
369.jpg,34
370.jpg,14
371.jpg,45
372.jpg,13
373.jpg,20
374.jpg,40
375.jpg,40
376.jpg,18
377.jpg,4
378.jpg,2
379.jpg,21
380.jpg,42
381.jpg,48
382.jpg,32
383.jpg,35
384.jpg,34
385.jpg,32
386.jpg,33
387.jpg,11
388.jpg,17
389.jpg,3
390.jpg,18
391.jpg,42
392.jpg,40
393.jpg,44
394.jpg,36
395.jpg,49
396.jpg,19
397.jpg,25
398.jpg,33
399.jpg,29
400.jpg,33
401.jpg,18
402.jpg,40
403.jpg,45
404.jpg,34
405.jpg,4
406.jpg,11
407.jpg,38
408.jpg,38
409.jpg,13
410.jpg,36
411.jpg,15
412.jpg,6
413.jpg,9
414.jpg,1
415.jpg,10
416.jpg,38
417.jpg,34
418.jpg,14
419.jpg,5
420.jpg,8
421.jpg,2
422.jpg,15
423.jpg,9
424.jpg,47
425.jpg,39
426.jpg,34
427.jpg,1
428.jpg,18
429.jpg,13
430.jpg,13
431.jpg,10
432.jpg,25
433.jpg,14
434.jpg,37
435.jpg,0
436.jpg,48
437.jpg,22
438.jpg,7
439.jpg,49
440.jpg,1
441.jpg,24
442.jpg,6
443.jpg,45
444.jpg,23
445.jpg,1
446.jpg,48
447.jpg,4
448.jpg,0
449.jpg,37
450.jpg,49
451.jpg,12
452.jpg,24
453.jpg,47
454.jpg,25
455.jpg,41
456.jpg,38
457.jpg,4
458.jpg,48
459.jpg,12
460.jpg,11
461.jpg,42
462.jpg,24
463.jpg,28
464.jpg,11
465.jpg,2
466.jpg,42
467.jpg,37
468.jpg,24
469.jpg,42
470.jpg,22
471.jpg,15
472.jpg,30
473.jpg,18
474.jpg,18
475.jpg,39
476.jpg,25
477.jpg,36
478.jpg,49
479.jpg,16
480.jpg,27
481.jpg,29
482.jpg,16
483.jpg,6
484.jpg,19
485.jpg,26
486.jpg,14
487.jpg,33
488.jpg,16
489.jpg,39
490.jpg,18
491.jpg,48
492.jpg,38
493.jpg,34
494.jpg,14
495.jpg,3
496.jpg,47
497.jpg,8
498.jpg,10
499.jpg,29
500.jpg,32
501.jpg,30
502.jpg,27
503.jpg,45
504.jpg,9
505.jpg,35
506.jpg,1
507.jpg,36
508.jpg,42
509.jpg,38
510.jpg,21
511.jpg,18
512.jpg,34
513.jpg,10
514.jpg,34
515.jpg,27
516.jpg,28
517.jpg,31
518.jpg,19
519.jpg,3
520.jpg,29
521.jpg,3
522.jpg,37
523.jpg,24
524.jpg,8
525.jpg,3
526.jpg,44
527.jpg,34
528.jpg,39
529.jpg,22
530.jpg,48
531.jpg,22
532.jpg,20
533.jpg,48
534.jpg,45
535.jpg,5
536.jpg,9
537.jpg,38
538.jpg,11
539.jpg,29
540.jpg,36
541.jpg,21
542.jpg,11
543.jpg,32
544.jpg,33
545.jpg,1
546.jpg,44
547.jpg,43
548.jpg,11
549.jpg,20
550.jpg,45
551.jpg,16
552.jpg,25
553.jpg,10
554.jpg,24
555.jpg,17
556.jpg,47
557.jpg,46
558.jpg,5
559.jpg,46
560.jpg,37
561.jpg,33
562.jpg,1
563.jpg,2
564.jpg,39
565.jpg,28
566.jpg,31
567.jpg,39
568.jpg,22
569.jpg,32
570.jpg,41
571.jpg,38
572.jpg,28
573.jpg,44
574.jpg,9
575.jpg,1
576.jpg,26
577.jpg,33
578.jpg,24
579.jpg,46
580.jpg,1
581.jpg,7
582.jpg,37
583.jpg,38
584.jpg,6
585.jpg,47
586.jpg,18
587.jpg,42
588.jpg,25
589.jpg,11
590.jpg,35
591.jpg,6
592.jpg,35
593.jpg,33
594.jpg,35
595.jpg,37
596.jpg,17
597.jpg,27
598.jpg,31
599.jpg,23
600.jpg,40
601.jpg,47
602.jpg,25
603.jpg,21
604.jpg,40
605.jpg,11
606.jpg,24
607.jpg,3
608.jpg,14
609.jpg,22
610.jpg,42
611.jpg,19
612.jpg,12
613.jpg,23
614.jpg,38
615.jpg,17
616.jpg,28
617.jpg,35
618.jpg,15
619.jpg,13
620.jpg,19
621.jpg,5
622.jpg,4
623.jpg,33
624.jpg,5
625.jpg,29
626.jpg,28
627.jpg,49
628.jpg,41
629.jpg,44
630.jpg,33
631.jpg,31
632.jpg,20
633.jpg,46
634.jpg,10
635.jpg,28
636.jpg,18
637.jpg,11
638.jpg,2
639.jpg,44
640.jpg,12
641.jpg,37
642.jpg,30
643.jpg,18
644.jpg,33
645.jpg,37
646.jpg,30
647.jpg,25
648.jpg,46
649.jpg,2
650.jpg,21
651.jpg,4
652.jpg,31
653.jpg,16
654.jpg,40
655.jpg,39
656.jpg,26
657.jpg,37
658.jpg,1
659.jpg,49
660.jpg,36
661.jpg,34
662.jpg,13
663.jpg,0
664.jpg,8
665.jpg,4
666.jpg,12
667.jpg,12
668.jpg,10
669.jpg,37
670.jpg,12
671.jpg,14
672.jpg,5
673.jpg,26
674.jpg,16
675.jpg,28
676.jpg,1
677.jpg,40
678.jpg,5
679.jpg,26
680.jpg,30
681.jpg,40
682.jpg,15
683.jpg,38
684.jpg,33
685.jpg,31
686.jpg,35
687.jpg,30
688.jpg,38
689.jpg,43
690.jpg,13
691.jpg,3
692.jpg,22
693.jpg,6
694.jpg,18
695.jpg,41
696.jpg,37
697.jpg,26
698.jpg,30
699.jpg,17
700.jpg,13
701.jpg,1
702.jpg,34
703.jpg,10
704.jpg,5
705.jpg,25
706.jpg,46
707.jpg,8
708.jpg,43
709.jpg,25
710.jpg,35
711.jpg,37
712.jpg,16
713.jpg,34
714.jpg,19
715.jpg,39
716.jpg,17
717.jpg,49
718.jpg,18
719.jpg,13
720.jpg,27
721.jpg,7
722.jpg,38
723.jpg,23
724.jpg,30
725.jpg,9
726.jpg,43
727.jpg,24
728.jpg,32
729.jpg,32
730.jpg,4
731.jpg,30
732.jpg,44
733.jpg,21
734.jpg,28
735.jpg,16
736.jpg,39
737.jpg,8
738.jpg,36
739.jpg,47
740.jpg,43
741.jpg,22
742.jpg,35
743.jpg,5
744.jpg,33
745.jpg,49
746.jpg,5
747.jpg,9
748.jpg,6
749.jpg,30
750.jpg,47
751.jpg,32
752.jpg,41
753.jpg,3
754.jpg,19
755.jpg,25
756.jpg,0
757.jpg,39
758.jpg,45
759.jpg,28
760.jpg,32
761.jpg,46
762.jpg,18
763.jpg,16
764.jpg,40
765.jpg,12
766.jpg,36
767.jpg,20
768.jpg,5
769.jpg,40
770.jpg,16
771.jpg,17
772.jpg,6
773.jpg,28
774.jpg,36
775.jpg,42
776.jpg,13
777.jpg,15
778.jpg,38
779.jpg,49
780.jpg,19
781.jpg,1
782.jpg,21
783.jpg,31
784.jpg,41
785.jpg,1
786.jpg,43
787.jpg,30
788.jpg,41
789.jpg,36
790.jpg,1
791.jpg,26
792.jpg,22
793.jpg,1
794.jpg,40
795.jpg,33
796.jpg,25
797.jpg,39
798.jpg,35
799.jpg,37
800.jpg,27
801.jpg,5
802.jpg,32
803.jpg,11
804.jpg,22
805.jpg,2
806.jpg,4
807.jpg,21
808.jpg,37
809.jpg,45
810.jpg,37
811.jpg,49
812.jpg,38
813.jpg,17
814.jpg,6
815.jpg,42
816.jpg,0
817.jpg,41
818.jpg,47
819.jpg,34
820.jpg,21
821.jpg,13
822.jpg,31
823.jpg,28
824.jpg,20
825.jpg,30
826.jpg,34
827.jpg,13
828.jpg,25
829.jpg,12
830.jpg,4
831.jpg,10
832.jpg,36
833.jpg,40
834.jpg,10
835.jpg,29
836.jpg,37
837.jpg,47
838.jpg,21
839.jpg,20
840.jpg,47
841.jpg,8
842.jpg,14
843.jpg,47
844.jpg,8
845.jpg,9
846.jpg,1
847.jpg,24
848.jpg,9
849.jpg,14
850.jpg,48
851.jpg,4
852.jpg,0
853.jpg,12
854.jpg,12
855.jpg,37
856.jpg,43
857.jpg,47
858.jpg,31
859.jpg,7
860.jpg,47
861.jpg,5
862.jpg,48
863.jpg,45
864.jpg,17
865.jpg,45
866.jpg,37
867.jpg,17
868.jpg,40
869.jpg,0
870.jpg,30
871.jpg,18
872.jpg,7
873.jpg,15
874.jpg,0
875.jpg,16
876.jpg,48
877.jpg,19
878.jpg,40
879.jpg,7
880.jpg,8
881.jpg,0
882.jpg,49
883.jpg,1
884.jpg,1
885.jpg,45
886.jpg,22
887.jpg,27
888.jpg,34
889.jpg,42
890.jpg,5
891.jpg,37
892.jpg,28
893.jpg,7
894.jpg,18
895.jpg,35
896.jpg,6
897.jpg,5
898.jpg,31
899.jpg,13
900.jpg,40
901.jpg,30
902.jpg,38
903.jpg,48
904.jpg,26
905.jpg,20
906.jpg,22
907.jpg,1
908.jpg,16
909.jpg,32
910.jpg,41
911.jpg,46
912.jpg,18
913.jpg,29
914.jpg,36
915.jpg,21
916.jpg,31
917.jpg,11
918.jpg,15
919.jpg,41
920.jpg,43
921.jpg,13
922.jpg,28
923.jpg,5
924.jpg,4
925.jpg,17
926.jpg,17
927.jpg,17
928.jpg,14
929.jpg,37
930.jpg,2
931.jpg,4
932.jpg,42
933.jpg,19
934.jpg,23
935.jpg,2
936.jpg,1
937.jpg,46
938.jpg,34
939.jpg,27
940.jpg,30
941.jpg,10
942.jpg,5
943.jpg,15
944.jpg,30
945.jpg,47
946.jpg,11
947.jpg,36
948.jpg,9
949.jpg,48
950.jpg,24
951.jpg,5
952.jpg,29
953.jpg,29
954.jpg,30
955.jpg,1
956.jpg,17
957.jpg,20
958.jpg,1
959.jpg,41
960.jpg,10
961.jpg,30
962.jpg,1
963.jpg,16
964.jpg,14
965.jpg,20
966.jpg,22
967.jpg,9
968.jpg,33
969.jpg,39
970.jpg,49
971.jpg,4
972.jpg,20
973.jpg,16
974.jpg,32
975.jpg,16
976.jpg,32
977.jpg,3
978.jpg,13
979.jpg,4
980.jpg,4
981.jpg,22
982.jpg,36
983.jpg,5
984.jpg,29
985.jpg,42
986.jpg,39
987.jpg,5
988.jpg,1
989.jpg,47
990.jpg,23
991.jpg,10
992.jpg,25
993.jpg,15
994.jpg,1
995.jpg,12
996.jpg,5
997.jpg,4
998.jpg,36
999.jpg,16
1000.jpg,9
1001.jpg,39
1002.jpg,33
1003.jpg,41
1004.jpg,25
1005.jpg,6
1006.jpg,22
1007.jpg,28
1008.jpg,40
1009.jpg,11
1010.jpg,15
1011.jpg,47
1012.jpg,29
1013.jpg,9
1014.jpg,4
1015.jpg,35
1016.jpg,11
1017.jpg,15
1018.jpg,1
1019.jpg,46
1020.jpg,12
1021.jpg,11
1022.jpg,24
1023.jpg,20
1024.jpg,20
1025.jpg,48
1026.jpg,45
1027.jpg,44
1028.jpg,27
1029.jpg,16
1030.jpg,30
1031.jpg,8
1032.jpg,34
1033.jpg,16
1034.jpg,36
1035.jpg,46
1036.jpg,22
1037.jpg,9
1038.jpg,15
1039.jpg,23
1040.jpg,14
1041.jpg,15
1042.jpg,39
1043.jpg,45
1044.jpg,10
1045.jpg,40
1046.jpg,14
1047.jpg,10
1048.jpg,10
1049.jpg,49
1050.jpg,39
1051.jpg,24
1052.jpg,40
1053.jpg,25
1054.jpg,48
1055.jpg,25
1056.jpg,37
1057.jpg,12
1058.jpg,49
1059.jpg,10
1060.jpg,49
1061.jpg,10
1062.jpg,19
1063.jpg,19
1064.jpg,15
1065.jpg,41
1066.jpg,1
1067.jpg,15
1068.jpg,8
1069.jpg,43
1070.jpg,48
1071.jpg,41
1072.jpg,5
1073.jpg,25
1074.jpg,41
1075.jpg,31
1076.jpg,41
1077.jpg,42
1078.jpg,40
1079.jpg,0
1080.jpg,47
1081.jpg,11
1082.jpg,41
1083.jpg,35
1084.jpg,6
1085.jpg,30
1086.jpg,6
1087.jpg,31
1088.jpg,7
1089.jpg,25
1090.jpg,35
1091.jpg,34
1092.jpg,24
1093.jpg,10
1094.jpg,10
1095.jpg,18
1096.jpg,23
1097.jpg,30
1098.jpg,6
1099.jpg,33
1100.jpg,16
1101.jpg,13
1102.jpg,37
1103.jpg,28
1104.jpg,24
1105.jpg,41
1106.jpg,11
1107.jpg,45
1108.jpg,33
1109.jpg,43
1110.jpg,39
1111.jpg,9
1112.jpg,46
1113.jpg,39
1114.jpg,33
1115.jpg,14
1116.jpg,12
1117.jpg,35
1118.jpg,2
1119.jpg,24
1120.jpg,14
1121.jpg,48
1122.jpg,0
1123.jpg,39
1124.jpg,10
1125.jpg,49
1126.jpg,15
1127.jpg,18
1128.jpg,2
1129.jpg,17
1130.jpg,40
1131.jpg,21
1132.jpg,37
1133.jpg,12
1134.jpg,13
1135.jpg,45
1136.jpg,47
1137.jpg,19
1138.jpg,12
1139.jpg,31
1140.jpg,31
1141.jpg,29
1142.jpg,9
1143.jpg,17
1144.jpg,39
1145.jpg,4
1146.jpg,22
1147.jpg,24
1148.jpg,5
1149.jpg,27
1150.jpg,10
1151.jpg,20
1152.jpg,13
1153.jpg,39
1154.jpg,34
1155.jpg,34
1156.jpg,15
1157.jpg,29
1158.jpg,34
1159.jpg,47
1160.jpg,34
1161.jpg,28
1162.jpg,39
1163.jpg,24
1164.jpg,2
1165.jpg,34
1166.jpg,3
1167.jpg,41
1168.jpg,34
1169.jpg,49
1170.jpg,47
1171.jpg,36
1172.jpg,16
1173.jpg,42
1174.jpg,48
1175.jpg,35
1176.jpg,42
1177.jpg,21
1178.jpg,19
1179.jpg,5
1180.jpg,41
1181.jpg,4
1182.jpg,4
1183.jpg,48
1184.jpg,5
1185.jpg,16
1186.jpg,48
1187.jpg,8
1188.jpg,28
1189.jpg,6
1190.jpg,9
1191.jpg,44
1192.jpg,13
1193.jpg,6
1194.jpg,11
1195.jpg,41
1196.jpg,10
1197.jpg,17
1198.jpg,6
1199.jpg,48
1200.jpg,20
1201.jpg,22
1202.jpg,40
1203.jpg,20
1204.jpg,40
1205.jpg,25
1206.jpg,36
1207.jpg,39
1208.jpg,34
1209.jpg,39
1210.jpg,38
1211.jpg,39
1212.jpg,21
1213.jpg,34
1214.jpg,10
1215.jpg,42
1216.jpg,46
1217.jpg,15
1218.jpg,5
1219.jpg,0
1220.jpg,44
1221.jpg,7
1222.jpg,10
1223.jpg,10
1224.jpg,38
1225.jpg,24
1226.jpg,10
1227.jpg,38
1228.jpg,42
1229.jpg,45
1230.jpg,23
1231.jpg,39
1232.jpg,35
1233.jpg,11
1234.jpg,46
1235.jpg,9
1236.jpg,11
1237.jpg,3
1238.jpg,3
1239.jpg,29
1240.jpg,42
1241.jpg,32
1242.jpg,29
1243.jpg,0
1244.jpg,47
1245.jpg,36
1246.jpg,6
1247.jpg,16
1248.jpg,12
1249.jpg,24
1250.jpg,6
1251.jpg,26
1252.jpg,37
1253.jpg,26
1254.jpg,12
1255.jpg,9
1256.jpg,10
1257.jpg,48
1258.jpg,34
1259.jpg,34
1260.jpg,19
1261.jpg,46
1262.jpg,0
1263.jpg,30
1264.jpg,45
1265.jpg,17
1266.jpg,41
1267.jpg,25
1268.jpg,15
1269.jpg,39
1270.jpg,6
1271.jpg,39
1272.jpg,40
1273.jpg,7
1274.jpg,21
1275.jpg,18
1276.jpg,13
1277.jpg,18
1278.jpg,49
1279.jpg,30
1280.jpg,14
1281.jpg,33
1282.jpg,12
1283.jpg,4
1284.jpg,36
1285.jpg,40
1286.jpg,14
1287.jpg,26
1288.jpg,4
1289.jpg,21
1290.jpg,40
1291.jpg,22
1292.jpg,28
1293.jpg,18
1294.jpg,16
1295.jpg,31
1296.jpg,25
1297.jpg,10
1298.jpg,6
1299.jpg,35
1300.jpg,0
1301.jpg,10
1302.jpg,27
1303.jpg,25
1304.jpg,17
1305.jpg,34
1306.jpg,49
1307.jpg,3
1308.jpg,33
1309.jpg,25
1310.jpg,24
1311.jpg,13
1312.jpg,29
1313.jpg,17
1314.jpg,49
1315.jpg,28
1316.jpg,13
1317.jpg,17
1318.jpg,23
1319.jpg,25
1320.jpg,38
1321.jpg,49
1322.jpg,15
1323.jpg,49
1324.jpg,0
1325.jpg,38
1326.jpg,18
1327.jpg,16
1328.jpg,8
1329.jpg,13
1330.jpg,16
1331.jpg,32
1332.jpg,7
1333.jpg,4
1334.jpg,42
1335.jpg,13
1336.jpg,3
1337.jpg,35
1338.jpg,27
1339.jpg,46
1340.jpg,29
1341.jpg,45
1342.jpg,4
1343.jpg,49
1344.jpg,29
1345.jpg,40
1346.jpg,25
1347.jpg,3
1348.jpg,30
1349.jpg,16
1350.jpg,46
1351.jpg,15
1352.jpg,41
1353.jpg,34
1354.jpg,42
1355.jpg,35
1356.jpg,7
1357.jpg,21
1358.jpg,32
1359.jpg,37
1360.jpg,29
1361.jpg,21
1362.jpg,36
1363.jpg,24
1364.jpg,36
1365.jpg,47
1366.jpg,12
1367.jpg,4
1368.jpg,20
1369.jpg,22
1370.jpg,29
1371.jpg,18
1372.jpg,31
1373.jpg,2
1374.jpg,41
1375.jpg,8
1376.jpg,4
1377.jpg,38
1378.jpg,48
1379.jpg,24
1380.jpg,40
1381.jpg,38
1382.jpg,32
1383.jpg,42
1384.jpg,44
1385.jpg,3
1386.jpg,49
1387.jpg,46
1388.jpg,6
1389.jpg,10
1390.jpg,26
1391.jpg,5
1392.jpg,41
1393.jpg,41
1394.jpg,9
1395.jpg,44
1396.jpg,32
1397.jpg,37
1398.jpg,40
1399.jpg,23
1400.jpg,45
1401.jpg,39
1402.jpg,38
1403.jpg,28
1404.jpg,39
1405.jpg,41
1406.jpg,44
1407.jpg,0
1408.jpg,14
1409.jpg,45
1410.jpg,35
1411.jpg,41
1412.jpg,12
1413.jpg,48
1414.jpg,10
1415.jpg,43
1416.jpg,40
1417.jpg,36
1418.jpg,19
1419.jpg,13
1420.jpg,47
1421.jpg,43
1422.jpg,4
1423.jpg,31
1424.jpg,39
1425.jpg,46
1426.jpg,6
1427.jpg,15
1428.jpg,18
1429.jpg,43
1430.jpg,42
1431.jpg,12
1432.jpg,33
1433.jpg,4
1434.jpg,21
1435.jpg,48
1436.jpg,24
1437.jpg,43
1438.jpg,43
1439.jpg,3
1440.jpg,14
1441.jpg,12
1442.jpg,16
1443.jpg,30
1444.jpg,38
1445.jpg,10
1446.jpg,6
1447.jpg,49
1448.jpg,43
1449.jpg,22
1450.jpg,32
1451.jpg,44
1452.jpg,32
1453.jpg,13
1454.jpg,25
1455.jpg,31
1456.jpg,14
1457.jpg,40
1458.jpg,44
1459.jpg,11
1460.jpg,48
1461.jpg,2
1462.jpg,39
1463.jpg,7
1464.jpg,28
1465.jpg,49
1466.jpg,23
1467.jpg,40
1468.jpg,43
1469.jpg,14
1470.jpg,2
1471.jpg,27
1472.jpg,37
1473.jpg,49
1474.jpg,46
1475.jpg,17
1476.jpg,13
1477.jpg,26
1478.jpg,33
1479.jpg,23
1480.jpg,25
1481.jpg,26
1482.jpg,39
1483.jpg,10
1484.jpg,10
1485.jpg,20
1486.jpg,2
1487.jpg,36
1488.jpg,27
1489.jpg,38
1490.jpg,19
1491.jpg,13
1492.jpg,26
1493.jpg,41
1494.jpg,17
1495.jpg,7
1496.jpg,49
1497.jpg,14
1498.jpg,9
1499.jpg,10
1500.jpg,29
1501.jpg,46
1502.jpg,25
1503.jpg,6
1504.jpg,18
1505.jpg,5
1506.jpg,15
1507.jpg,25
1508.jpg,24
1509.jpg,46
1510.jpg,48
1511.jpg,46
1512.jpg,32
1513.jpg,42
1514.jpg,10
1515.jpg,18
1516.jpg,12
1517.jpg,37
1518.jpg,5
1519.jpg,7
1520.jpg,43
1521.jpg,9
1522.jpg,34
1523.jpg,1
1524.jpg,24
1525.jpg,23
1526.jpg,31
1527.jpg,48
1528.jpg,41
1529.jpg,46
1530.jpg,27
1531.jpg,14
1532.jpg,49
1533.jpg,15
1534.jpg,37
1535.jpg,30
1536.jpg,34
1537.jpg,30
1538.jpg,28
1539.jpg,4
1540.jpg,3
1541.jpg,3
1542.jpg,13
1543.jpg,40
1544.jpg,20
1545.jpg,1
1546.jpg,48
1547.jpg,15
1548.jpg,46
1549.jpg,3
1550.jpg,42
1551.jpg,5
1552.jpg,47
1553.jpg,3
1554.jpg,17
1555.jpg,4
1556.jpg,25
1557.jpg,1
1558.jpg,6
1559.jpg,28
1560.jpg,12
1561.jpg,30
1562.jpg,12
1563.jpg,29
1564.jpg,9
1565.jpg,10
1566.jpg,37
1567.jpg,11
1568.jpg,44
1569.jpg,28
1570.jpg,27
1571.jpg,5
1572.jpg,3
1573.jpg,19
1574.jpg,1
1575.jpg,33
1576.jpg,26
1577.jpg,15
1578.jpg,46
1579.jpg,35
1580.jpg,33
1581.jpg,39
1582.jpg,20
1583.jpg,30
1584.jpg,43
1585.jpg,4
1586.jpg,31
1587.jpg,10
1588.jpg,41
1589.jpg,14
1590.jpg,0
1591.jpg,48
1592.jpg,9
1593.jpg,48
1594.jpg,21
1595.jpg,0
1596.jpg,2
1597.jpg,25
1598.jpg,46
1599.jpg,3
1600.jpg,18
1601.jpg,49
1602.jpg,34
1603.jpg,26
1604.jpg,36
1605.jpg,40
1606.jpg,13
1607.jpg,2
1608.jpg,32
1609.jpg,49
1610.jpg,17
1611.jpg,44
1612.jpg,43
1613.jpg,39
1614.jpg,20
1615.jpg,3
1616.jpg,47
1617.jpg,2
1618.jpg,22
1619.jpg,15
1620.jpg,33
1621.jpg,23
1622.jpg,40
1623.jpg,37
1624.jpg,36
1625.jpg,25
1626.jpg,26
1627.jpg,36
1628.jpg,17
1629.jpg,4
1630.jpg,19
1631.jpg,15
1632.jpg,15
1633.jpg,35
1634.jpg,42
1635.jpg,16
1636.jpg,15
1637.jpg,8
1638.jpg,14
1639.jpg,29
1640.jpg,24
1641.jpg,9
1642.jpg,27
1643.jpg,25
1644.jpg,12
1645.jpg,30
1646.jpg,32
1647.jpg,37
1648.jpg,10
1649.jpg,35
1650.jpg,3
1651.jpg,28
1652.jpg,13
1653.jpg,27
1654.jpg,26
1655.jpg,38
1656.jpg,25
1657.jpg,18
1658.jpg,49
1659.jpg,7
1660.jpg,48
1661.jpg,44
1662.jpg,35
1663.jpg,12
1664.jpg,27
1665.jpg,48
1666.jpg,48
1667.jpg,1
1668.jpg,0
1669.jpg,8
1670.jpg,9
1671.jpg,42
1672.jpg,19
1673.jpg,30
1674.jpg,22
1675.jpg,49
1676.jpg,46
1677.jpg,40
1678.jpg,43
1679.jpg,38
1680.jpg,19
1681.jpg,17
1682.jpg,15
1683.jpg,19
1684.jpg,38
1685.jpg,29
1686.jpg,10
1687.jpg,47
1688.jpg,30
1689.jpg,1
1690.jpg,8
1691.jpg,35
1692.jpg,17
1693.jpg,8
1694.jpg,14
1695.jpg,26
1696.jpg,26
1697.jpg,20
1698.jpg,22
1699.jpg,14
1700.jpg,17
1701.jpg,0
1702.jpg,49
1703.jpg,9
1704.jpg,30
1705.jpg,39
1706.jpg,4
1707.jpg,43
1708.jpg,32
1709.jpg,4
1710.jpg,8
1711.jpg,9
1712.jpg,20
1713.jpg,34
1714.jpg,1
1715.jpg,30
1716.jpg,14
1717.jpg,47
1718.jpg,25
1719.jpg,32
1720.jpg,47
1721.jpg,32
1722.jpg,36
1723.jpg,33
1724.jpg,7
1725.jpg,13
1726.jpg,6
1727.jpg,2
1728.jpg,21
1729.jpg,17
1730.jpg,48
1731.jpg,27
1732.jpg,9
1733.jpg,38
1734.jpg,37
1735.jpg,20
1736.jpg,4
1737.jpg,49
1738.jpg,35
1739.jpg,25
1740.jpg,4
1741.jpg,6
1742.jpg,6
1743.jpg,43
1744.jpg,46
1745.jpg,17
1746.jpg,20
1747.jpg,22
1748.jpg,20
1749.jpg,20
1750.jpg,1
1751.jpg,3
1752.jpg,44
1753.jpg,37
1754.jpg,14
1755.jpg,17
1756.jpg,28
1757.jpg,3
1758.jpg,10
1759.jpg,22
1760.jpg,1
1761.jpg,0
1762.jpg,36
1763.jpg,5
1764.jpg,44
1765.jpg,15
1766.jpg,18
1767.jpg,19
1768.jpg,5
1769.jpg,7
1770.jpg,24
1771.jpg,42
1772.jpg,0
1773.jpg,32
1774.jpg,38
1775.jpg,36
1776.jpg,16
1777.jpg,39
1778.jpg,30
1779.jpg,18
1780.jpg,27
1781.jpg,23
1782.jpg,29
1783.jpg,11
1784.jpg,13
1785.jpg,12
1786.jpg,13
1787.jpg,26
1788.jpg,4
1789.jpg,46
1790.jpg,13
1791.jpg,11
1792.jpg,10
1793.jpg,49
1794.jpg,15
1795.jpg,41
1796.jpg,24
1797.jpg,38
1798.jpg,23
1799.jpg,32
1800.jpg,35
1801.jpg,31
1802.jpg,20
1803.jpg,8
1804.jpg,5
1805.jpg,47
1806.jpg,9
1807.jpg,7
1808.jpg,33
1809.jpg,2
1810.jpg,36
1811.jpg,36
1812.jpg,48
1813.jpg,38
1814.jpg,31
1815.jpg,17
1816.jpg,24
1817.jpg,13
1818.jpg,27
1819.jpg,23
1820.jpg,49
1821.jpg,29
1822.jpg,37
1823.jpg,47
1824.jpg,48
1825.jpg,23
1826.jpg,27
1827.jpg,6
1828.jpg,15
1829.jpg,31
1830.jpg,13
1831.jpg,35
1832.jpg,39
1833.jpg,21
1834.jpg,12
1835.jpg,48
1836.jpg,20
1837.jpg,45
1838.jpg,10
1839.jpg,47
1840.jpg,1
1841.jpg,43
1842.jpg,49
1843.jpg,16
1844.jpg,27
1845.jpg,39
1846.jpg,36
1847.jpg,40
1848.jpg,0
1849.jpg,35
1850.jpg,40
1851.jpg,1
1852.jpg,33
1853.jpg,19
1854.jpg,18
1855.jpg,42
1856.jpg,48
1857.jpg,9
1858.jpg,10
1859.jpg,24
1860.jpg,40
1861.jpg,4
1862.jpg,23
1863.jpg,25
1864.jpg,36
1865.jpg,24
1866.jpg,0
1867.jpg,24
1868.jpg,26
1869.jpg,29
1870.jpg,37
1871.jpg,49
1872.jpg,14
1873.jpg,42
1874.jpg,17
1875.jpg,3
1876.jpg,48
1877.jpg,22
1878.jpg,40
1879.jpg,8
1880.jpg,4
1881.jpg,48
1882.jpg,2
1883.jpg,21
1884.jpg,27
1885.jpg,33
1886.jpg,37
1887.jpg,33
1888.jpg,14
1889.jpg,37
1890.jpg,13
1891.jpg,0
1892.jpg,41
1893.jpg,28
1894.jpg,19
1895.jpg,24
1896.jpg,49
1897.jpg,43
1898.jpg,49
1899.jpg,19
1900.jpg,30
1901.jpg,20
1902.jpg,9
1903.jpg,34
1904.jpg,44
1905.jpg,7
1906.jpg,43
1907.jpg,31
1908.jpg,31
1909.jpg,21
1910.jpg,29
1911.jpg,41
1912.jpg,29
1913.jpg,8
1914.jpg,37
1915.jpg,32
1916.jpg,36
1917.jpg,6
1918.jpg,8
1919.jpg,28
1920.jpg,28
1921.jpg,29
1922.jpg,21
1923.jpg,17
1924.jpg,49
1925.jpg,33
1926.jpg,26
1927.jpg,49
1928.jpg,30
1929.jpg,41
1930.jpg,23
1931.jpg,7
1932.jpg,42
1933.jpg,22
1934.jpg,32
1935.jpg,11
1936.jpg,2
1937.jpg,32
1938.jpg,21
1939.jpg,20
1940.jpg,39
1941.jpg,36
1942.jpg,27
1943.jpg,26
1944.jpg,46
1945.jpg,17
1946.jpg,5
1947.jpg,29
1948.jpg,22
1949.jpg,14
1950.jpg,1
1951.jpg,23
1952.jpg,1
1953.jpg,23
1954.jpg,36
1955.jpg,13
1956.jpg,7
1957.jpg,20
1958.jpg,9
1959.jpg,31
1960.jpg,1
1961.jpg,4
1962.jpg,21
1963.jpg,10
1964.jpg,36
1965.jpg,2
1966.jpg,49
1967.jpg,22
1968.jpg,43
1969.jpg,42
1970.jpg,38
1971.jpg,9
1972.jpg,26
1973.jpg,34
1974.jpg,20
1975.jpg,21
1976.jpg,36
1977.jpg,4
1978.jpg,27
1979.jpg,40
1980.jpg,23
1981.jpg,10
1982.jpg,4
1983.jpg,10
1984.jpg,15
1985.jpg,29
1986.jpg,41
1987.jpg,44
1988.jpg,20
1989.jpg,29
1990.jpg,35
1991.jpg,20
1992.jpg,18
1993.jpg,28
1994.jpg,18
1995.jpg,15
1996.jpg,22
1997.jpg,33
1998.jpg,13
1999.jpg,34
2000.jpg,35
2001.jpg,8
2002.jpg,27
2003.jpg,26
2004.jpg,7
2005.jpg,24
2006.jpg,23
2007.jpg,10
2008.jpg,42
2009.jpg,8
2010.jpg,21
2011.jpg,24
2012.jpg,33
2013.jpg,19
2014.jpg,20
2015.jpg,40
2016.jpg,25
2017.jpg,2
2018.jpg,14
2019.jpg,23
2020.jpg,47
2021.jpg,29
2022.jpg,36
2023.jpg,0
2024.jpg,20
2025.jpg,14
2026.jpg,32
2027.jpg,2
2028.jpg,12
2029.jpg,38
2030.jpg,45
2031.jpg,40
2032.jpg,18
2033.jpg,31
2034.jpg,39
2035.jpg,12
2036.jpg,22
2037.jpg,12
2038.jpg,38
2039.jpg,1
2040.jpg,34
2041.jpg,31
2042.jpg,20
2043.jpg,34
2044.jpg,47
2045.jpg,32
2046.jpg,17
2047.jpg,44
2048.jpg,40
2049.jpg,5
2050.jpg,21
2051.jpg,6
2052.jpg,9
2053.jpg,35
2054.jpg,28
2055.jpg,26
2056.jpg,29
2057.jpg,17
2058.jpg,1
2059.jpg,43
2060.jpg,42
2061.jpg,27
2062.jpg,40
2063.jpg,31
2064.jpg,33
2065.jpg,36
2066.jpg,33
2067.jpg,40
2068.jpg,30
2069.jpg,40
2070.jpg,26
2071.jpg,8
2072.jpg,11
2073.jpg,24
2074.jpg,7
2075.jpg,1
2076.jpg,2
2077.jpg,34
2078.jpg,2
2079.jpg,21
2080.jpg,12
2081.jpg,26
2082.jpg,28
2083.jpg,48
2084.jpg,10
2085.jpg,21
2086.jpg,26
2087.jpg,1
2088.jpg,45
2089.jpg,17
2090.jpg,6
2091.jpg,3
2092.jpg,12
2093.jpg,44
2094.jpg,2
2095.jpg,18
2096.jpg,45
2097.jpg,39
2098.jpg,22
2099.jpg,27
2100.jpg,22
2101.jpg,24
2102.jpg,40
2103.jpg,49
2104.jpg,48
2105.jpg,20
2106.jpg,19
2107.jpg,3
2108.jpg,34
2109.jpg,33
2110.jpg,23
2111.jpg,10
2112.jpg,13
2113.jpg,27
2114.jpg,29
2115.jpg,21
2116.jpg,28
2117.jpg,27
2118.jpg,11
2119.jpg,25
2120.jpg,41
2121.jpg,1
2122.jpg,0
2123.jpg,29
2124.jpg,46
2125.jpg,1
2126.jpg,42
2127.jpg,5
2128.jpg,17
2129.jpg,49
2130.jpg,33
2131.jpg,14
2132.jpg,22
2133.jpg,2
2134.jpg,17
2135.jpg,46
2136.jpg,10
2137.jpg,33
2138.jpg,41
2139.jpg,44
2140.jpg,8
2141.jpg,25
2142.jpg,42
2143.jpg,9
2144.jpg,39
2145.jpg,10
2146.jpg,42
2147.jpg,0
2148.jpg,9
2149.jpg,12
2150.jpg,47
2151.jpg,4
2152.jpg,21
2153.jpg,41
2154.jpg,13
2155.jpg,6
2156.jpg,26
2157.jpg,18
2158.jpg,29
2159.jpg,13
2160.jpg,22
2161.jpg,26
2162.jpg,20
2163.jpg,24
2164.jpg,13
2165.jpg,6
2166.jpg,14
2167.jpg,17
2168.jpg,44
2169.jpg,32
2170.jpg,9
2171.jpg,26
2172.jpg,43
2173.jpg,1
2174.jpg,3
2175.jpg,43
2176.jpg,7
2177.jpg,38
2178.jpg,8
2179.jpg,25
2180.jpg,37
2181.jpg,23
2182.jpg,16
2183.jpg,46
2184.jpg,37
2185.jpg,49
2186.jpg,46
2187.jpg,48
2188.jpg,32
2189.jpg,1
2190.jpg,3
2191.jpg,18
2192.jpg,37
2193.jpg,33
2194.jpg,32
2195.jpg,15
2196.jpg,22
2197.jpg,6
2198.jpg,45
2199.jpg,6
2200.jpg,11
2201.jpg,33
2202.jpg,10
2203.jpg,4
2204.jpg,39
2205.jpg,46
2206.jpg,10
2207.jpg,9
2208.jpg,26
2209.jpg,38
2210.jpg,22
2211.jpg,4
2212.jpg,40
2213.jpg,10
2214.jpg,4
2215.jpg,46
2216.jpg,21
2217.jpg,0
2218.jpg,12
2219.jpg,40
2220.jpg,9
2221.jpg,44
2222.jpg,18
2223.jpg,46
2224.jpg,22
2225.jpg,36
2226.jpg,15
2227.jpg,31
2228.jpg,40
2229.jpg,17
2230.jpg,9
2231.jpg,46
2232.jpg,25
2233.jpg,42
2234.jpg,23
2235.jpg,16
2236.jpg,44
2237.jpg,36
2238.jpg,46
2239.jpg,40
2240.jpg,15
2241.jpg,9
2242.jpg,3
2243.jpg,11
2244.jpg,49
2245.jpg,23
2246.jpg,35
2247.jpg,21
2248.jpg,38
2249.jpg,12
2250.jpg,37
2251.jpg,41
2252.jpg,27
2253.jpg,18
2254.jpg,25
2255.jpg,7
2256.jpg,31
2257.jpg,1
2258.jpg,4
2259.jpg,34
2260.jpg,0
2261.jpg,40
2262.jpg,39
2263.jpg,47
2264.jpg,15
2265.jpg,17
2266.jpg,22
2267.jpg,12
2268.jpg,22
2269.jpg,35
2270.jpg,21
2271.jpg,38
2272.jpg,47
2273.jpg,37
2274.jpg,22
2275.jpg,35
2276.jpg,37
2277.jpg,42
2278.jpg,22
2279.jpg,40
2280.jpg,40
2281.jpg,3
2282.jpg,18
2283.jpg,20
2284.jpg,36
2285.jpg,15
2286.jpg,10
2287.jpg,47
2288.jpg,37
2289.jpg,41
2290.jpg,23
2291.jpg,36
2292.jpg,6
2293.jpg,21
2294.jpg,19
2295.jpg,45
2296.jpg,20
2297.jpg,29
2298.jpg,30
2299.jpg,38
2300.jpg,37
2301.jpg,32
2302.jpg,19
2303.jpg,38
2304.jpg,32
2305.jpg,15
2306.jpg,21
2307.jpg,28
2308.jpg,43
2309.jpg,46
2310.jpg,37
2311.jpg,29
2312.jpg,35
2313.jpg,3
2314.jpg,13
2315.jpg,20
2316.jpg,31
2317.jpg,32
2318.jpg,7
2319.jpg,45
2320.jpg,37
2321.jpg,6
2322.jpg,2
2323.jpg,4
2324.jpg,7
2325.jpg,11
2326.jpg,47
2327.jpg,2
2328.jpg,19
2329.jpg,27
2330.jpg,4
2331.jpg,34
2332.jpg,9
2333.jpg,39
2334.jpg,33
2335.jpg,33
2336.jpg,45
2337.jpg,43
2338.jpg,2
2339.jpg,44
2340.jpg,20
2341.jpg,24
2342.jpg,45
2343.jpg,42
2344.jpg,30
2345.jpg,40
2346.jpg,39
2347.jpg,46
2348.jpg,30
2349.jpg,40
2350.jpg,29
2351.jpg,48
2352.jpg,10
2353.jpg,34
2354.jpg,30
2355.jpg,14
2356.jpg,35
2357.jpg,5
2358.jpg,49
2359.jpg,45
2360.jpg,24
2361.jpg,39
2362.jpg,37
2363.jpg,36
2364.jpg,21
2365.jpg,42
2366.jpg,34
2367.jpg,1
2368.jpg,41
2369.jpg,39
2370.jpg,49
2371.jpg,42
2372.jpg,42
2373.jpg,9
2374.jpg,25
2375.jpg,17
2376.jpg,39
2377.jpg,15
2378.jpg,43
2379.jpg,10
2380.jpg,20
2381.jpg,9
2382.jpg,43
2383.jpg,29
2384.jpg,26
2385.jpg,46
2386.jpg,23
2387.jpg,26
2388.jpg,49
2389.jpg,47
2390.jpg,34
2391.jpg,14
2392.jpg,34
2393.jpg,37
2394.jpg,29
2395.jpg,29
2396.jpg,28
2397.jpg,18
2398.jpg,43
2399.jpg,43
2400.jpg,25
2401.jpg,47
2402.jpg,8
2403.jpg,4
2404.jpg,41
2405.jpg,36
2406.jpg,35
2407.jpg,47
2408.jpg,30
2409.jpg,28
2410.jpg,23
2411.jpg,24
2412.jpg,14
2413.jpg,14
2414.jpg,14
2415.jpg,32
2416.jpg,15
2417.jpg,41
2418.jpg,14
2419.jpg,44
2420.jpg,7
2421.jpg,33
2422.jpg,48
2423.jpg,23
2424.jpg,31
2425.jpg,41
2426.jpg,14
2427.jpg,10
2428.jpg,7
2429.jpg,48
2430.jpg,34
2431.jpg,31
2432.jpg,41
2433.jpg,19
2434.jpg,46
2435.jpg,43
2436.jpg,7
2437.jpg,10
2438.jpg,3
2439.jpg,48
2440.jpg,41
2441.jpg,2
2442.jpg,21
2443.jpg,49
2444.jpg,26
2445.jpg,12
2446.jpg,12
2447.jpg,31
2448.jpg,0
2449.jpg,5
2450.jpg,41
2451.jpg,19
2452.jpg,37
2453.jpg,40
2454.jpg,14
2455.jpg,7
2456.jpg,29
2457.jpg,28
2458.jpg,41
2459.jpg,30
2460.jpg,47
2461.jpg,5
2462.jpg,6
2463.jpg,30
2464.jpg,27
2465.jpg,21
2466.jpg,22
2467.jpg,35
2468.jpg,29
2469.jpg,41
2470.jpg,16
2471.jpg,12
2472.jpg,39
2473.jpg,1
2474.jpg,16
2475.jpg,20
2476.jpg,15
2477.jpg,23
2478.jpg,0
2479.jpg,1
2480.jpg,34
2481.jpg,28
2482.jpg,12
2483.jpg,38
2484.jpg,25
2485.jpg,42
2486.jpg,45
2487.jpg,35
2488.jpg,16
2489.jpg,44
2490.jpg,18
2491.jpg,49
2492.jpg,3
2493.jpg,17
2494.jpg,22
2495.jpg,27
2496.jpg,47
2497.jpg,42
2498.jpg,1
2499.jpg,37
2500.jpg,34
2501.jpg,22
2502.jpg,35
2503.jpg,22
2504.jpg,25
2505.jpg,47
2506.jpg,32
2507.jpg,11
2508.jpg,38
2509.jpg,34
2510.jpg,34
2511.jpg,37
2512.jpg,16
2513.jpg,36
2514.jpg,47
2515.jpg,14
2516.jpg,9
2517.jpg,47
2518.jpg,11
2519.jpg,5
2520.jpg,20
2521.jpg,4
2522.jpg,39
2523.jpg,5
2524.jpg,24
2525.jpg,49
2526.jpg,47
2527.jpg,9
2528.jpg,31
2529.jpg,28
2530.jpg,27
2531.jpg,2
2532.jpg,43
2533.jpg,49
2534.jpg,47
2535.jpg,15
2536.jpg,35
2537.jpg,20
2538.jpg,45
2539.jpg,42
2540.jpg,4
2541.jpg,8
2542.jpg,1
2543.jpg,13
2544.jpg,39
2545.jpg,21
2546.jpg,36
2547.jpg,12
2548.jpg,26
2549.jpg,4
2550.jpg,6
2551.jpg,24
2552.jpg,21
2553.jpg,21
2554.jpg,28
2555.jpg,24
2556.jpg,3
2557.jpg,40
2558.jpg,18
2559.jpg,10
2560.jpg,29
2561.jpg,4
2562.jpg,8
2563.jpg,38
2564.jpg,32
2565.jpg,28
2566.jpg,0
2567.jpg,40
2568.jpg,3
2569.jpg,26
2570.jpg,0
2571.jpg,47
2572.jpg,15
2573.jpg,44
2574.jpg,16
2575.jpg,12
2576.jpg,15
2577.jpg,35
2578.jpg,17
2579.jpg,46
2580.jpg,12
2581.jpg,18
2582.jpg,0
2583.jpg,19
2584.jpg,26
2585.jpg,42
2586.jpg,40
2587.jpg,15
2588.jpg,5
2589.jpg,47
2590.jpg,6
2591.jpg,39
2592.jpg,40
2593.jpg,37
2594.jpg,2
2595.jpg,18
2596.jpg,10
2597.jpg,27
2598.jpg,3
2599.jpg,18
2600.jpg,29
2601.jpg,46
2602.jpg,2
2603.jpg,18
2604.jpg,17
2605.jpg,4
2606.jpg,41
2607.jpg,12
2608.jpg,41
2609.jpg,28
2610.jpg,23
2611.jpg,10
2612.jpg,34
2613.jpg,38
2614.jpg,7
2615.jpg,46
2616.jpg,47
2617.jpg,17
2618.jpg,49
2619.jpg,11
2620.jpg,25
2621.jpg,36
2622.jpg,2
2623.jpg,10
2624.jpg,14
2625.jpg,18
2626.jpg,27
2627.jpg,41
2628.jpg,13
2629.jpg,3
2630.jpg,26
2631.jpg,14
2632.jpg,18
2633.jpg,13
2634.jpg,25
2635.jpg,43
2636.jpg,49
2637.jpg,33
2638.jpg,10
2639.jpg,43
2640.jpg,45
2641.jpg,22
2642.jpg,40
2643.jpg,34
2644.jpg,40
2645.jpg,23
2646.jpg,0
2647.jpg,42
2648.jpg,41
2649.jpg,5
2650.jpg,34
2651.jpg,48
2652.jpg,32
2653.jpg,22
2654.jpg,42
2655.jpg,14
2656.jpg,28
2657.jpg,33
2658.jpg,47
2659.jpg,44
2660.jpg,38
2661.jpg,41
2662.jpg,14
2663.jpg,41
2664.jpg,0
2665.jpg,14
2666.jpg,13
2667.jpg,14
2668.jpg,40
2669.jpg,10
2670.jpg,25
2671.jpg,11
2672.jpg,13
2673.jpg,44
2674.jpg,6
2675.jpg,6
2676.jpg,33
2677.jpg,41
2678.jpg,41
2679.jpg,27
2680.jpg,21
2681.jpg,18
2682.jpg,43
2683.jpg,20
2684.jpg,17
2685.jpg,7
2686.jpg,25
2687.jpg,46
2688.jpg,49
2689.jpg,39
2690.jpg,11
2691.jpg,33
2692.jpg,48
2693.jpg,10
2694.jpg,26
2695.jpg,0
2696.jpg,10
2697.jpg,27
2698.jpg,38
2699.jpg,33
2700.jpg,7
2701.jpg,7
2702.jpg,37
2703.jpg,12
2704.jpg,46
2705.jpg,20
2706.jpg,33
2707.jpg,49
2708.jpg,18
2709.jpg,16
2710.jpg,36
2711.jpg,17
2712.jpg,30
2713.jpg,43
2714.jpg,14
2715.jpg,17
2716.jpg,34
2717.jpg,43
2718.jpg,25
2719.jpg,16
2720.jpg,28
2721.jpg,25
2722.jpg,8
2723.jpg,22
2724.jpg,8
2725.jpg,44
2726.jpg,24
2727.jpg,46
2728.jpg,33
2729.jpg,5
2730.jpg,43
2731.jpg,12
2732.jpg,31
2733.jpg,32
2734.jpg,16
2735.jpg,33
2736.jpg,41
2737.jpg,24
2738.jpg,3
2739.jpg,41
2740.jpg,31
2741.jpg,33
2742.jpg,19
2743.jpg,24
2744.jpg,37
2745.jpg,12
2746.jpg,18
2747.jpg,34
2748.jpg,15
2749.jpg,37
2750.jpg,19
2751.jpg,0
2752.jpg,37
2753.jpg,15
2754.jpg,24
2755.jpg,16
2756.jpg,15
2757.jpg,27
2758.jpg,29
2759.jpg,49
2760.jpg,24
2761.jpg,5
2762.jpg,42
2763.jpg,12
2764.jpg,48
2765.jpg,8
2766.jpg,22
2767.jpg,17
2768.jpg,13
2769.jpg,17
2770.jpg,16
2771.jpg,16
2772.jpg,24
2773.jpg,30
2774.jpg,13
2775.jpg,11
2776.jpg,40
2777.jpg,28
2778.jpg,26
2779.jpg,2
2780.jpg,40
2781.jpg,48
2782.jpg,34
2783.jpg,44
2784.jpg,32
2785.jpg,41
2786.jpg,31
2787.jpg,10
2788.jpg,28
2789.jpg,1
2790.jpg,29
2791.jpg,34
2792.jpg,46
2793.jpg,40
2794.jpg,14
2795.jpg,33
2796.jpg,16
2797.jpg,48
2798.jpg,3
2799.jpg,5
2800.jpg,43
2801.jpg,10
2802.jpg,9
2803.jpg,26
2804.jpg,44
2805.jpg,6
2806.jpg,11
2807.jpg,0
2808.jpg,28
2809.jpg,38
2810.jpg,0
2811.jpg,29
2812.jpg,34
2813.jpg,22
2814.jpg,49
2815.jpg,16
2816.jpg,9
2817.jpg,20
2818.jpg,5
2819.jpg,15
2820.jpg,12
2821.jpg,30
2822.jpg,42
2823.jpg,41
2824.jpg,15
2825.jpg,13
2826.jpg,32
2827.jpg,26
2828.jpg,16
2829.jpg,1
2830.jpg,41
2831.jpg,0
2832.jpg,30
2833.jpg,41
2834.jpg,10
2835.jpg,16
2836.jpg,11
2837.jpg,37
2838.jpg,47
2839.jpg,37
2840.jpg,34
2841.jpg,46
2842.jpg,4
2843.jpg,45
2844.jpg,43
2845.jpg,29
2846.jpg,18
2847.jpg,10
2848.jpg,28
2849.jpg,4
2850.jpg,15
2851.jpg,29
2852.jpg,20
2853.jpg,20
2854.jpg,2
2855.jpg,48
2856.jpg,17
2857.jpg,25
2858.jpg,16
2859.jpg,17
2860.jpg,47
2861.jpg,42
2862.jpg,22
2863.jpg,34
2864.jpg,28
2865.jpg,25
2866.jpg,26
2867.jpg,21
2868.jpg,47
2869.jpg,11
2870.jpg,49
2871.jpg,18
2872.jpg,5
2873.jpg,47
2874.jpg,41
2875.jpg,38
2876.jpg,28
2877.jpg,46
2878.jpg,44
2879.jpg,22
2880.jpg,37
2881.jpg,33
2882.jpg,32
2883.jpg,24
2884.jpg,10
2885.jpg,41
2886.jpg,44
2887.jpg,15
2888.jpg,46
2889.jpg,10
2890.jpg,6
2891.jpg,48
2892.jpg,22
2893.jpg,24
2894.jpg,48
2895.jpg,42
2896.jpg,7
2897.jpg,22
2898.jpg,41
2899.jpg,33
2900.jpg,46
2901.jpg,6
2902.jpg,37
2903.jpg,4
2904.jpg,20
2905.jpg,7
2906.jpg,43
2907.jpg,28
2908.jpg,26
2909.jpg,24
2910.jpg,31
2911.jpg,0
2912.jpg,18
2913.jpg,22
2914.jpg,25
2915.jpg,32
2916.jpg,40
2917.jpg,7
2918.jpg,28
2919.jpg,31
2920.jpg,4
2921.jpg,31
2922.jpg,38
2923.jpg,28
2924.jpg,30
2925.jpg,10
2926.jpg,41
2927.jpg,35
2928.jpg,14
2929.jpg,41
2930.jpg,47
2931.jpg,46
2932.jpg,20
2933.jpg,8
2934.jpg,15
2935.jpg,37
2936.jpg,12
2937.jpg,7
2938.jpg,4
2939.jpg,15
2940.jpg,38
2941.jpg,4
2942.jpg,45
2943.jpg,13
2944.jpg,15
2945.jpg,17
2946.jpg,17
2947.jpg,18
2948.jpg,12
2949.jpg,47
2950.jpg,23
2951.jpg,17
2952.jpg,16
2953.jpg,2
2954.jpg,19
2955.jpg,38
2956.jpg,31
2957.jpg,39
2958.jpg,42
2959.jpg,40
2960.jpg,24
2961.jpg,40
2962.jpg,49
2963.jpg,39
2964.jpg,42
2965.jpg,47
2966.jpg,15
2967.jpg,24
2968.jpg,48
2969.jpg,31
2970.jpg,2
2971.jpg,16
2972.jpg,32
2973.jpg,35
2974.jpg,15
2975.jpg,7
2976.jpg,1
2977.jpg,0
2978.jpg,1
2979.jpg,31
2980.jpg,39
2981.jpg,44
2982.jpg,3
2983.jpg,30
2984.jpg,31
2985.jpg,47
2986.jpg,18
2987.jpg,23
2988.jpg,15
2989.jpg,45
2990.jpg,41
2991.jpg,40
2992.jpg,11
2993.jpg,9
2994.jpg,20
2995.jpg,21
2996.jpg,29
2997.jpg,1
2998.jpg,37
2999.jpg,40
3000.jpg,21
3001.jpg,43
3002.jpg,26
3003.jpg,46
3004.jpg,19
3005.jpg,37
3006.jpg,28
3007.jpg,0
3008.jpg,10
3009.jpg,19
3010.jpg,48
3011.jpg,26
3012.jpg,28
3013.jpg,15
3014.jpg,22
3015.jpg,34
3016.jpg,49
3017.jpg,43
3018.jpg,8
3019.jpg,18
3020.jpg,48
3021.jpg,11
3022.jpg,31
3023.jpg,12
3024.jpg,23
3025.jpg,10
3026.jpg,24
3027.jpg,35
3028.jpg,8
3029.jpg,44
3030.jpg,38
3031.jpg,34
3032.jpg,30
3033.jpg,15
3034.jpg,46
3035.jpg,24
3036.jpg,28
3037.jpg,40
3038.jpg,30
3039.jpg,28
3040.jpg,14
3041.jpg,6
3042.jpg,38
3043.jpg,26
3044.jpg,48
3045.jpg,40
3046.jpg,49
3047.jpg,14
3048.jpg,45
3049.jpg,5
3050.jpg,25
3051.jpg,37
3052.jpg,17
3053.jpg,24
3054.jpg,10
3055.jpg,39
3056.jpg,22
3057.jpg,36
3058.jpg,14
3059.jpg,38
3060.jpg,48
3061.jpg,4
3062.jpg,40
3063.jpg,47
3064.jpg,15
3065.jpg,8
3066.jpg,5
3067.jpg,29
3068.jpg,14
3069.jpg,22
3070.jpg,27
3071.jpg,47
3072.jpg,6
3073.jpg,32
3074.jpg,34
3075.jpg,6
3076.jpg,19
3077.jpg,36
3078.jpg,0
3079.jpg,6
3080.jpg,13
3081.jpg,10
3082.jpg,22
3083.jpg,12
3084.jpg,23
3085.jpg,6
3086.jpg,31
3087.jpg,40
3088.jpg,15
3089.jpg,30
3090.jpg,44
3091.jpg,12
3092.jpg,44
3093.jpg,14
3094.jpg,20
3095.jpg,41
3096.jpg,48
3097.jpg,49
3098.jpg,28
3099.jpg,0
3100.jpg,31
3101.jpg,40
3102.jpg,21
3103.jpg,26
3104.jpg,34
3105.jpg,33
3106.jpg,37
3107.jpg,14
3108.jpg,34
3109.jpg,22
3110.jpg,46
3111.jpg,20
3112.jpg,37
3113.jpg,20
3114.jpg,6
3115.jpg,20
3116.jpg,2
3117.jpg,19
3118.jpg,21
3119.jpg,17
3120.jpg,0
3121.jpg,31
3122.jpg,3
3123.jpg,49
3124.jpg,36
3125.jpg,35
3126.jpg,43
3127.jpg,43
3128.jpg,32
3129.jpg,47
3130.jpg,19
3131.jpg,31
3132.jpg,33
3133.jpg,1
3134.jpg,39
3135.jpg,18
3136.jpg,48
3137.jpg,19
3138.jpg,30
3139.jpg,2
3140.jpg,31
3141.jpg,15
3142.jpg,7
3143.jpg,44
3144.jpg,40
3145.jpg,9
3146.jpg,35
3147.jpg,11
3148.jpg,11
3149.jpg,37
3150.jpg,21
3151.jpg,28
3152.jpg,42
3153.jpg,6
3154.jpg,15
3155.jpg,40
3156.jpg,36
3157.jpg,43
3158.jpg,7
3159.jpg,12
3160.jpg,3
3161.jpg,49
3162.jpg,8
3163.jpg,49
3164.jpg,14
3165.jpg,35
3166.jpg,22
3167.jpg,22
3168.jpg,29
3169.jpg,23
3170.jpg,44
3171.jpg,6
3172.jpg,10
3173.jpg,2
3174.jpg,2
3175.jpg,15
3176.jpg,40
3177.jpg,18
3178.jpg,36
3179.jpg,20
3180.jpg,34
3181.jpg,38
3182.jpg,1
3183.jpg,18
3184.jpg,6
3185.jpg,22
3186.jpg,39
3187.jpg,39
3188.jpg,1
3189.jpg,33
3190.jpg,18
3191.jpg,14
3192.jpg,26
3193.jpg,26
3194.jpg,24
3195.jpg,49
3196.jpg,20
3197.jpg,37
3198.jpg,11
3199.jpg,20
3200.jpg,25
3201.jpg,16
3202.jpg,33
3203.jpg,21
3204.jpg,24
3205.jpg,43
3206.jpg,49
3207.jpg,38
3208.jpg,5
3209.jpg,48
3210.jpg,36
3211.jpg,17
3212.jpg,14
3213.jpg,48
3214.jpg,3
3215.jpg,41
3216.jpg,15
3217.jpg,44
3218.jpg,32
3219.jpg,1
3220.jpg,1
3221.jpg,32
3222.jpg,0
3223.jpg,31
3224.jpg,0
3225.jpg,24
3226.jpg,36
3227.jpg,6
3228.jpg,27
3229.jpg,42
3230.jpg,29
3231.jpg,13
3232.jpg,35
3233.jpg,41
3234.jpg,24
3235.jpg,17
3236.jpg,17
3237.jpg,0
3238.jpg,23
3239.jpg,44
3240.jpg,2
3241.jpg,33
3242.jpg,18
3243.jpg,22
3244.jpg,4
3245.jpg,16
3246.jpg,4
3247.jpg,5
3248.jpg,5
3249.jpg,11
3250.jpg,2
3251.jpg,32
3252.jpg,37
3253.jpg,10
3254.jpg,9
3255.jpg,38
3256.jpg,43
3257.jpg,48
3258.jpg,48
3259.jpg,30
3260.jpg,20
3261.jpg,28
3262.jpg,6
3263.jpg,48
3264.jpg,37
3265.jpg,43
3266.jpg,4
3267.jpg,0
3268.jpg,37
3269.jpg,11
3270.jpg,3
3271.jpg,34
3272.jpg,1
3273.jpg,48
3274.jpg,42
3275.jpg,12
3276.jpg,11
3277.jpg,17
3278.jpg,12
3279.jpg,0
3280.jpg,40
3281.jpg,45
3282.jpg,38
3283.jpg,35
3284.jpg,36
3285.jpg,30
3286.jpg,44
3287.jpg,36
3288.jpg,42
3289.jpg,48
3290.jpg,14
3291.jpg,11
3292.jpg,24
3293.jpg,45
3294.jpg,4
3295.jpg,8
3296.jpg,37
3297.jpg,13
3298.jpg,2
3299.jpg,32
3300.jpg,48
3301.jpg,12
3302.jpg,5
3303.jpg,27
3304.jpg,11
3305.jpg,35
3306.jpg,33
3307.jpg,37
3308.jpg,24
3309.jpg,8
3310.jpg,46
3311.jpg,14
3312.jpg,49
3313.jpg,5
3314.jpg,37
3315.jpg,7
3316.jpg,21
3317.jpg,22
3318.jpg,1
3319.jpg,34
3320.jpg,48
3321.jpg,48
3322.jpg,48
3323.jpg,41
3324.jpg,49
3325.jpg,47
3326.jpg,7
3327.jpg,28
3328.jpg,20
3329.jpg,9
3330.jpg,44
3331.jpg,35
3332.jpg,39
3333.jpg,17
3334.jpg,43
3335.jpg,24
3336.jpg,48
3337.jpg,44
3338.jpg,29
3339.jpg,40
3340.jpg,41
3341.jpg,3
3342.jpg,33
3343.jpg,6
3344.jpg,12
3345.jpg,3
3346.jpg,31
3347.jpg,14
3348.jpg,35
3349.jpg,37
3350.jpg,38
3351.jpg,13
3352.jpg,41
3353.jpg,40
3354.jpg,18
3355.jpg,23
3356.jpg,49
3357.jpg,19
3358.jpg,49
3359.jpg,27
3360.jpg,4
3361.jpg,17
3362.jpg,12
3363.jpg,20
3364.jpg,4
3365.jpg,33
3366.jpg,27
3367.jpg,33
3368.jpg,27
3369.jpg,29
3370.jpg,49
3371.jpg,44
3372.jpg,17
3373.jpg,39
3374.jpg,49
3375.jpg,24
3376.jpg,14
3377.jpg,18
3378.jpg,38
3379.jpg,35
3380.jpg,30
3381.jpg,42
3382.jpg,30
3383.jpg,26
3384.jpg,23
3385.jpg,47
3386.jpg,17
3387.jpg,3
3388.jpg,35
3389.jpg,13
3390.jpg,43
3391.jpg,14
3392.jpg,9
3393.jpg,7
3394.jpg,42
3395.jpg,32
3396.jpg,1
3397.jpg,19
3398.jpg,16
3399.jpg,4
3400.jpg,22
3401.jpg,2
3402.jpg,37
3403.jpg,20
3404.jpg,27
3405.jpg,39
3406.jpg,7
3407.jpg,23
3408.jpg,44
3409.jpg,9
3410.jpg,32
3411.jpg,20
3412.jpg,18
3413.jpg,10
3414.jpg,4
3415.jpg,32
3416.jpg,30
3417.jpg,28
3418.jpg,8
3419.jpg,21
3420.jpg,20
3421.jpg,30
3422.jpg,39
3423.jpg,27
3424.jpg,23
3425.jpg,33
3426.jpg,49
3427.jpg,14
3428.jpg,28
3429.jpg,45
3430.jpg,12
3431.jpg,43
3432.jpg,19
3433.jpg,6
3434.jpg,15
3435.jpg,15
3436.jpg,16
3437.jpg,46
3438.jpg,7
3439.jpg,23
3440.jpg,27
3441.jpg,18
3442.jpg,42
3443.jpg,49
3444.jpg,13
3445.jpg,9
3446.jpg,45
3447.jpg,26
3448.jpg,33
3449.jpg,25
3450.jpg,20
3451.jpg,46
3452.jpg,39
3453.jpg,22
3454.jpg,40
3455.jpg,2
3456.jpg,5
3457.jpg,20
3458.jpg,6
3459.jpg,24
3460.jpg,27
3461.jpg,17
3462.jpg,16
3463.jpg,34
3464.jpg,40
3465.jpg,10
3466.jpg,28
3467.jpg,24
3468.jpg,37
3469.jpg,10
3470.jpg,16
3471.jpg,36
3472.jpg,0
3473.jpg,9
3474.jpg,33
3475.jpg,13
3476.jpg,19
3477.jpg,25
3478.jpg,31
3479.jpg,34
3480.jpg,17
3481.jpg,16
3482.jpg,7
3483.jpg,37
3484.jpg,43
3485.jpg,42
3486.jpg,10
3487.jpg,7
3488.jpg,35
3489.jpg,43
3490.jpg,0
3491.jpg,35
3492.jpg,47
3493.jpg,29
3494.jpg,12
3495.jpg,43
3496.jpg,41
3497.jpg,22
3498.jpg,34
3499.jpg,34
3500.jpg,10
3501.jpg,17
3502.jpg,17
3503.jpg,46
3504.jpg,39
3505.jpg,37
3506.jpg,37
3507.jpg,29
3508.jpg,0
3509.jpg,46
3510.jpg,1
3511.jpg,47
3512.jpg,49
3513.jpg,34
3514.jpg,17
3515.jpg,31
3516.jpg,37
3517.jpg,18
3518.jpg,16
3519.jpg,45
3520.jpg,9
3521.jpg,7
3522.jpg,15
3523.jpg,6
3524.jpg,5
3525.jpg,26
3526.jpg,20
3527.jpg,14
3528.jpg,48
3529.jpg,11
3530.jpg,11
3531.jpg,39
3532.jpg,14
3533.jpg,0
3534.jpg,35
3535.jpg,10
3536.jpg,24
3537.jpg,36
3538.jpg,0
3539.jpg,5
3540.jpg,37
3541.jpg,2
3542.jpg,31
3543.jpg,8
3544.jpg,47
3545.jpg,20
3546.jpg,13
3547.jpg,18
3548.jpg,48
3549.jpg,32
3550.jpg,11
3551.jpg,43
3552.jpg,34
3553.jpg,2
3554.jpg,38
3555.jpg,16
3556.jpg,14
3557.jpg,44
3558.jpg,41
3559.jpg,38
3560.jpg,25
3561.jpg,9
3562.jpg,25
3563.jpg,6
3564.jpg,12
3565.jpg,8
3566.jpg,10
3567.jpg,47
3568.jpg,40
3569.jpg,41
3570.jpg,3
3571.jpg,41
3572.jpg,39
3573.jpg,25
3574.jpg,45
3575.jpg,9
3576.jpg,15
3577.jpg,22
3578.jpg,15
3579.jpg,4
3580.jpg,37
3581.jpg,20
3582.jpg,9
3583.jpg,21
3584.jpg,37
3585.jpg,20
3586.jpg,3
3587.jpg,25
3588.jpg,16
3589.jpg,1
3590.jpg,13
3591.jpg,26
3592.jpg,29
3593.jpg,12
3594.jpg,40
3595.jpg,31
3596.jpg,17
3597.jpg,0
3598.jpg,13
3599.jpg,3
3600.jpg,32
3601.jpg,19
3602.jpg,14
3603.jpg,37
3604.jpg,13
3605.jpg,48
3606.jpg,9
3607.jpg,20
3608.jpg,15
3609.jpg,47
3610.jpg,6
3611.jpg,17
3612.jpg,29
3613.jpg,27
3614.jpg,31
3615.jpg,44
3616.jpg,25
3617.jpg,10
3618.jpg,45
3619.jpg,19
3620.jpg,46
3621.jpg,37
3622.jpg,16
3623.jpg,7
3624.jpg,41
3625.jpg,45
3626.jpg,9
3627.jpg,5
3628.jpg,18
3629.jpg,3
3630.jpg,25
3631.jpg,40
3632.jpg,12
3633.jpg,32
3634.jpg,31
3635.jpg,28
3636.jpg,32
3637.jpg,41
3638.jpg,19
3639.jpg,40
3640.jpg,9
3641.jpg,37
3642.jpg,26
3643.jpg,43
3644.jpg,15
3645.jpg,44
3646.jpg,28
3647.jpg,28
3648.jpg,49
3649.jpg,1
3650.jpg,21
3651.jpg,46
3652.jpg,40
3653.jpg,13
3654.jpg,33
3655.jpg,35
3656.jpg,40
3657.jpg,8
3658.jpg,28
3659.jpg,3
3660.jpg,30
3661.jpg,39
3662.jpg,38
3663.jpg,19
3664.jpg,47
3665.jpg,17
3666.jpg,35
3667.jpg,18
3668.jpg,30
3669.jpg,38
3670.jpg,42
3671.jpg,28
3672.jpg,4
3673.jpg,38
3674.jpg,22
3675.jpg,2
3676.jpg,9
3677.jpg,25
3678.jpg,29
3679.jpg,21
3680.jpg,49
3681.jpg,5
3682.jpg,39
3683.jpg,13
3684.jpg,40
3685.jpg,27
3686.jpg,11
3687.jpg,21
3688.jpg,28
3689.jpg,36
3690.jpg,0
3691.jpg,33
3692.jpg,37
3693.jpg,27
3694.jpg,35
3695.jpg,33
3696.jpg,34
3697.jpg,40
3698.jpg,17
3699.jpg,17
3700.jpg,46
3701.jpg,22
3702.jpg,4
3703.jpg,32
3704.jpg,35
3705.jpg,36
3706.jpg,42
3707.jpg,23
3708.jpg,37
3709.jpg,28
3710.jpg,35
3711.jpg,8
3712.jpg,0
3713.jpg,20
3714.jpg,22
3715.jpg,10
3716.jpg,5
3717.jpg,4
3718.jpg,42
3719.jpg,42
3720.jpg,36
3721.jpg,34
3722.jpg,23
3723.jpg,31
3724.jpg,6
3725.jpg,25
3726.jpg,4
3727.jpg,40
3728.jpg,35
3729.jpg,23
3730.jpg,26
3731.jpg,12
3732.jpg,33
3733.jpg,22
3734.jpg,23
3735.jpg,8
3736.jpg,21
3737.jpg,29
3738.jpg,1
3739.jpg,25
3740.jpg,0
3741.jpg,37
3742.jpg,10
3743.jpg,0
3744.jpg,7
3745.jpg,26
3746.jpg,17
3747.jpg,37
3748.jpg,4
3749.jpg,36
3750.jpg,15
3751.jpg,12
3752.jpg,27
3753.jpg,48
3754.jpg,21
3755.jpg,15
3756.jpg,32
3757.jpg,40
3758.jpg,34
3759.jpg,42
3760.jpg,11
3761.jpg,27
3762.jpg,30
3763.jpg,1
3764.jpg,1
3765.jpg,45
3766.jpg,12
3767.jpg,6
3768.jpg,13
3769.jpg,12
3770.jpg,41
3771.jpg,48
3772.jpg,17
3773.jpg,4
3774.jpg,33
3775.jpg,17
3776.jpg,22
3777.jpg,48
3778.jpg,38
3779.jpg,19
3780.jpg,35
3781.jpg,15
3782.jpg,4
3783.jpg,14
3784.jpg,40
3785.jpg,39
3786.jpg,41
3787.jpg,22
3788.jpg,14
3789.jpg,17
3790.jpg,29
3791.jpg,36
3792.jpg,40
3793.jpg,37
3794.jpg,24
3795.jpg,30
3796.jpg,20
3797.jpg,5
3798.jpg,6
3799.jpg,10
3800.jpg,41
3801.jpg,11
3802.jpg,15
3803.jpg,7
3804.jpg,47
3805.jpg,45
3806.jpg,11
3807.jpg,19
3808.jpg,40
3809.jpg,44
3810.jpg,12
3811.jpg,18
3812.jpg,37
3813.jpg,18
3814.jpg,42
3815.jpg,17
3816.jpg,9
3817.jpg,33
3818.jpg,10
3819.jpg,49
3820.jpg,41
3821.jpg,28
3822.jpg,39
3823.jpg,20
3824.jpg,7
3825.jpg,3
3826.jpg,23
3827.jpg,41
3828.jpg,30
3829.jpg,46
3830.jpg,3
3831.jpg,38
3832.jpg,43
3833.jpg,4
3834.jpg,27
3835.jpg,9
3836.jpg,33
3837.jpg,42
3838.jpg,49
3839.jpg,39
3840.jpg,32
3841.jpg,49
3842.jpg,43
3843.jpg,34
3844.jpg,8
3845.jpg,34
3846.jpg,25
3847.jpg,42
3848.jpg,26
3849.jpg,9
3850.jpg,35
3851.jpg,41
3852.jpg,30
3853.jpg,39
3854.jpg,9
3855.jpg,1
3856.jpg,8
3857.jpg,9
3858.jpg,43
3859.jpg,27
3860.jpg,18
3861.jpg,10
3862.jpg,16
3863.jpg,14
3864.jpg,21
3865.jpg,7
3866.jpg,25
3867.jpg,14
3868.jpg,23
3869.jpg,36
3870.jpg,15
3871.jpg,44
3872.jpg,5
3873.jpg,48
3874.jpg,3
3875.jpg,36
3876.jpg,29
3877.jpg,28
3878.jpg,46
3879.jpg,20
3880.jpg,6
3881.jpg,12
3882.jpg,29
3883.jpg,34
3884.jpg,26
3885.jpg,6
3886.jpg,38
3887.jpg,16
3888.jpg,2
3889.jpg,4
3890.jpg,48
3891.jpg,22
3892.jpg,12
3893.jpg,18
3894.jpg,37
3895.jpg,33
3896.jpg,1
3897.jpg,17
3898.jpg,31
3899.jpg,37
3900.jpg,26
3901.jpg,16
3902.jpg,8
3903.jpg,4
3904.jpg,27
3905.jpg,19
3906.jpg,6
3907.jpg,10
3908.jpg,19
3909.jpg,31
3910.jpg,30
3911.jpg,26
3912.jpg,36
3913.jpg,48
3914.jpg,38
3915.jpg,46
3916.jpg,43
3917.jpg,10
3918.jpg,3
3919.jpg,37
3920.jpg,28
3921.jpg,42
3922.jpg,48
3923.jpg,3
3924.jpg,6
3925.jpg,34
3926.jpg,15
3927.jpg,2
3928.jpg,29
3929.jpg,12
3930.jpg,37
3931.jpg,37
3932.jpg,38
3933.jpg,19
3934.jpg,16
3935.jpg,41
3936.jpg,1
3937.jpg,40
3938.jpg,14
3939.jpg,8
3940.jpg,44
3941.jpg,40
3942.jpg,14
3943.jpg,32
3944.jpg,1
3945.jpg,40
3946.jpg,12
3947.jpg,26
3948.jpg,6
3949.jpg,47
3950.jpg,11
3951.jpg,30
3952.jpg,29
3953.jpg,29
3954.jpg,12
3955.jpg,6
3956.jpg,9
3957.jpg,1
3958.jpg,48
3959.jpg,31
3960.jpg,44
3961.jpg,8
3962.jpg,6
3963.jpg,32
3964.jpg,46
3965.jpg,44
3966.jpg,21
3967.jpg,20
3968.jpg,42
3969.jpg,40
3970.jpg,26
3971.jpg,14
3972.jpg,10
3973.jpg,47
3974.jpg,46
3975.jpg,41
3976.jpg,19
3977.jpg,8
3978.jpg,29
3979.jpg,14
3980.jpg,15
3981.jpg,37
3982.jpg,36
3983.jpg,14
3984.jpg,9
3985.jpg,16
3986.jpg,48
3987.jpg,25
3988.jpg,12
3989.jpg,0
3990.jpg,21
3991.jpg,26
3992.jpg,39
3993.jpg,44
3994.jpg,20
3995.jpg,48
3996.jpg,25
3997.jpg,37
3998.jpg,21
3999.jpg,39
4000.jpg,15
4001.jpg,32
4002.jpg,41
4003.jpg,3
4004.jpg,43
4005.jpg,48
4006.jpg,23
4007.jpg,2
4008.jpg,43
4009.jpg,4
4010.jpg,2
4011.jpg,47
4012.jpg,5
4013.jpg,33
4014.jpg,20
4015.jpg,35
4016.jpg,18
4017.jpg,28
4018.jpg,47
4019.jpg,4
4020.jpg,39
4021.jpg,20
4022.jpg,38
4023.jpg,32
4024.jpg,28
4025.jpg,16
4026.jpg,9
4027.jpg,29
4028.jpg,18
4029.jpg,27
4030.jpg,1
4031.jpg,41
4032.jpg,25
4033.jpg,43
4034.jpg,43
4035.jpg,27
4036.jpg,3
4037.jpg,7
4038.jpg,1
4039.jpg,35
4040.jpg,13
4041.jpg,40
4042.jpg,3
4043.jpg,30
4044.jpg,10
4045.jpg,4
4046.jpg,8
4047.jpg,31
4048.jpg,6
4049.jpg,14
4050.jpg,43
4051.jpg,45
4052.jpg,2
4053.jpg,1
4054.jpg,33
4055.jpg,17
4056.jpg,35
4057.jpg,15
4058.jpg,24
4059.jpg,33
4060.jpg,20
4061.jpg,28
4062.jpg,30
4063.jpg,46
4064.jpg,3
4065.jpg,31
4066.jpg,15
4067.jpg,46
4068.jpg,37
4069.jpg,18
4070.jpg,2
4071.jpg,30
4072.jpg,2
4073.jpg,30
4074.jpg,20
4075.jpg,19
4076.jpg,37
4077.jpg,28
4078.jpg,46
4079.jpg,44
4080.jpg,39
4081.jpg,24
4082.jpg,21
4083.jpg,43
4084.jpg,4
4085.jpg,25
4086.jpg,0
4087.jpg,26
4088.jpg,7
4089.jpg,24
4090.jpg,21
4091.jpg,45
4092.jpg,38
4093.jpg,28
4094.jpg,18
4095.jpg,21
4096.jpg,30
4097.jpg,7
4098.jpg,8
4099.jpg,49
4100.jpg,41
4101.jpg,28
4102.jpg,32
4103.jpg,25
4104.jpg,33
4105.jpg,5
4106.jpg,14
4107.jpg,27
4108.jpg,18
4109.jpg,3
4110.jpg,38
4111.jpg,10
4112.jpg,38
4113.jpg,17
4114.jpg,46
4115.jpg,41
4116.jpg,28
4117.jpg,25
4118.jpg,47
4119.jpg,31
4120.jpg,7
4121.jpg,19
4122.jpg,36
4123.jpg,33
4124.jpg,26
4125.jpg,47
4126.jpg,31
4127.jpg,37
4128.jpg,33
4129.jpg,48
4130.jpg,23
4131.jpg,2
4132.jpg,17
4133.jpg,20
4134.jpg,39
4135.jpg,49
4136.jpg,15
4137.jpg,30
4138.jpg,1
4139.jpg,7
4140.jpg,30
4141.jpg,35
4142.jpg,18
4143.jpg,22
4144.jpg,32
4145.jpg,45
4146.jpg,34
4147.jpg,4
4148.jpg,44
4149.jpg,40
4150.jpg,34
4151.jpg,49
4152.jpg,22
4153.jpg,9
4154.jpg,42
4155.jpg,18
4156.jpg,28
4157.jpg,12
4158.jpg,25
4159.jpg,12
4160.jpg,13
4161.jpg,44
4162.jpg,44
4163.jpg,34
4164.jpg,17
4165.jpg,44
4166.jpg,44
4167.jpg,3
4168.jpg,6
4169.jpg,43
4170.jpg,13
4171.jpg,43
4172.jpg,13
4173.jpg,4
4174.jpg,29
4175.jpg,21
4176.jpg,21
4177.jpg,20
4178.jpg,3
4179.jpg,2
4180.jpg,10
4181.jpg,20
4182.jpg,14
4183.jpg,37
4184.jpg,41
4185.jpg,22
4186.jpg,49
4187.jpg,46
4188.jpg,39
4189.jpg,22
4190.jpg,30
4191.jpg,0
4192.jpg,29
4193.jpg,26
4194.jpg,35
4195.jpg,29
4196.jpg,18
4197.jpg,43
4198.jpg,39
4199.jpg,22
4200.jpg,40
4201.jpg,12
4202.jpg,15
4203.jpg,18
4204.jpg,5
4205.jpg,48
4206.jpg,30
4207.jpg,17
4208.jpg,1
4209.jpg,27
4210.jpg,21
4211.jpg,30
4212.jpg,18
4213.jpg,27
4214.jpg,31
4215.jpg,11
4216.jpg,31
4217.jpg,41
4218.jpg,40
4219.jpg,4
4220.jpg,28
4221.jpg,22
4222.jpg,33
4223.jpg,21
4224.jpg,17
4225.jpg,23
4226.jpg,28
4227.jpg,34
4228.jpg,48
4229.jpg,29
4230.jpg,43
4231.jpg,10
4232.jpg,27
4233.jpg,6
4234.jpg,10
4235.jpg,7
4236.jpg,45
4237.jpg,21
4238.jpg,14
4239.jpg,28
4240.jpg,14
4241.jpg,0
4242.jpg,36
4243.jpg,32
4244.jpg,37
4245.jpg,0
4246.jpg,47
4247.jpg,38
4248.jpg,4
4249.jpg,34
4250.jpg,25
4251.jpg,12
4252.jpg,39
4253.jpg,19
4254.jpg,4
4255.jpg,2
4256.jpg,25
4257.jpg,48
4258.jpg,2
4259.jpg,9
4260.jpg,7
4261.jpg,22
4262.jpg,22
4263.jpg,43
4264.jpg,13
4265.jpg,28
4266.jpg,5
4267.jpg,49
4268.jpg,0
4269.jpg,24
4270.jpg,8
4271.jpg,46
4272.jpg,41
4273.jpg,41
4274.jpg,37
4275.jpg,12
4276.jpg,28
4277.jpg,15
4278.jpg,39
4279.jpg,22
4280.jpg,25
4281.jpg,47
4282.jpg,13
4283.jpg,15
4284.jpg,34
4285.jpg,38
4286.jpg,31
4287.jpg,3
4288.jpg,40
4289.jpg,31
4290.jpg,37
4291.jpg,28
4292.jpg,17
4293.jpg,33
4294.jpg,32
4295.jpg,20
4296.jpg,34
4297.jpg,18
4298.jpg,8
4299.jpg,33
4300.jpg,6
4301.jpg,41
4302.jpg,39
4303.jpg,2
4304.jpg,37
4305.jpg,6
4306.jpg,3
4307.jpg,4
4308.jpg,12
4309.jpg,44
4310.jpg,42
4311.jpg,25
4312.jpg,16
4313.jpg,22
4314.jpg,21
4315.jpg,0
4316.jpg,16
4317.jpg,19
4318.jpg,1
4319.jpg,28
4320.jpg,31
4321.jpg,38
4322.jpg,41
4323.jpg,22
4324.jpg,3
4325.jpg,1
4326.jpg,21
4327.jpg,18
4328.jpg,29
4329.jpg,45
4330.jpg,11
4331.jpg,24
4332.jpg,34
4333.jpg,7
4334.jpg,9
4335.jpg,41
4336.jpg,40
4337.jpg,16
4338.jpg,23
4339.jpg,43
4340.jpg,10
4341.jpg,22
4342.jpg,31
4343.jpg,25
4344.jpg,6
4345.jpg,9
4346.jpg,46
4347.jpg,37
4348.jpg,10
4349.jpg,15
4350.jpg,2
4351.jpg,47
4352.jpg,25
4353.jpg,16
4354.jpg,40
4355.jpg,25
4356.jpg,0
4357.jpg,28
4358.jpg,7
4359.jpg,0
4360.jpg,21
4361.jpg,43
4362.jpg,2
4363.jpg,41
4364.jpg,47
4365.jpg,43
4366.jpg,32
4367.jpg,36
4368.jpg,4
4369.jpg,41
4370.jpg,8
4371.jpg,38
4372.jpg,46
4373.jpg,44
4374.jpg,36
4375.jpg,1
4376.jpg,26
4377.jpg,29
4378.jpg,48
4379.jpg,33
4380.jpg,47
4381.jpg,27
4382.jpg,28
4383.jpg,20
4384.jpg,43
4385.jpg,45
4386.jpg,3
4387.jpg,45
4388.jpg,0
4389.jpg,43
4390.jpg,2
4391.jpg,37
4392.jpg,49
4393.jpg,28
4394.jpg,1
4395.jpg,7
4396.jpg,27
4397.jpg,2
4398.jpg,49
4399.jpg,32
4400.jpg,11
4401.jpg,32
4402.jpg,30
4403.jpg,9
4404.jpg,47
4405.jpg,25
4406.jpg,19
4407.jpg,45
4408.jpg,11
4409.jpg,49
4410.jpg,26
4411.jpg,10
4412.jpg,33
4413.jpg,16
4414.jpg,42
4415.jpg,6
4416.jpg,23
4417.jpg,10
4418.jpg,15
4419.jpg,34
4420.jpg,23
4421.jpg,8
4422.jpg,48
4423.jpg,37
4424.jpg,46
4425.jpg,34
4426.jpg,9
4427.jpg,16
4428.jpg,0
4429.jpg,47
4430.jpg,11
4431.jpg,17
4432.jpg,49
4433.jpg,5
4434.jpg,35
4435.jpg,32
4436.jpg,31
4437.jpg,36
4438.jpg,7
4439.jpg,21
4440.jpg,14
4441.jpg,13
4442.jpg,32
4443.jpg,12
4444.jpg,47
4445.jpg,46
4446.jpg,33
4447.jpg,34
4448.jpg,18
4449.jpg,4
4450.jpg,16
4451.jpg,9
4452.jpg,37
4453.jpg,37
4454.jpg,0
4455.jpg,37
4456.jpg,33
4457.jpg,48
4458.jpg,10
4459.jpg,19
4460.jpg,26
4461.jpg,7
4462.jpg,17
4463.jpg,7
4464.jpg,4
4465.jpg,10
4466.jpg,48
4467.jpg,41
4468.jpg,49
4469.jpg,40
4470.jpg,18
4471.jpg,22
4472.jpg,43
4473.jpg,9
4474.jpg,1
4475.jpg,32
4476.jpg,41
4477.jpg,40
4478.jpg,1
4479.jpg,0
4480.jpg,4
4481.jpg,16
4482.jpg,40
4483.jpg,22
4484.jpg,23
4485.jpg,40
4486.jpg,34
4487.jpg,7
4488.jpg,6
4489.jpg,15
4490.jpg,24
4491.jpg,5
4492.jpg,6
4493.jpg,20
4494.jpg,37
4495.jpg,19
4496.jpg,18
4497.jpg,36
4498.jpg,47
4499.jpg,27
4500.jpg,10
4501.jpg,7
4502.jpg,39
4503.jpg,47
4504.jpg,23
4505.jpg,15
4506.jpg,42
4507.jpg,12
4508.jpg,47
4509.jpg,33
4510.jpg,17
4511.jpg,3
4512.jpg,22
4513.jpg,33
4514.jpg,21
4515.jpg,14
4516.jpg,15
4517.jpg,10
4518.jpg,34
4519.jpg,2
4520.jpg,37
4521.jpg,8
4522.jpg,4
4523.jpg,0
4524.jpg,22
4525.jpg,8
4526.jpg,5
4527.jpg,25
4528.jpg,42
4529.jpg,32
4530.jpg,39
4531.jpg,43
4532.jpg,9
4533.jpg,23
4534.jpg,16
4535.jpg,16
4536.jpg,47
4537.jpg,16
4538.jpg,38
4539.jpg,44
4540.jpg,45
4541.jpg,38
4542.jpg,33
4543.jpg,8
4544.jpg,41
4545.jpg,19
4546.jpg,19
4547.jpg,8
4548.jpg,33
4549.jpg,18
4550.jpg,12
4551.jpg,16
4552.jpg,44
4553.jpg,44
4554.jpg,14
4555.jpg,19
4556.jpg,38
4557.jpg,13
4558.jpg,40
4559.jpg,15
4560.jpg,27
4561.jpg,12
4562.jpg,44
4563.jpg,18
4564.jpg,46
4565.jpg,13
4566.jpg,23
4567.jpg,25
4568.jpg,42
4569.jpg,1
4570.jpg,3
4571.jpg,2
4572.jpg,16
4573.jpg,16
4574.jpg,25
4575.jpg,16
4576.jpg,18
4577.jpg,4
4578.jpg,35
4579.jpg,37
4580.jpg,6
4581.jpg,11
4582.jpg,7
4583.jpg,1
4584.jpg,8
4585.jpg,41
4586.jpg,35
4587.jpg,27
4588.jpg,23
4589.jpg,42
4590.jpg,20
4591.jpg,44
4592.jpg,27
4593.jpg,33
4594.jpg,13
4595.jpg,36
4596.jpg,34
4597.jpg,43
4598.jpg,2
4599.jpg,3
4600.jpg,41
4601.jpg,23
4602.jpg,2
4603.jpg,19
4604.jpg,3
4605.jpg,4
4606.jpg,37
4607.jpg,10
4608.jpg,48
4609.jpg,25
4610.jpg,37
4611.jpg,13
4612.jpg,39
4613.jpg,18
4614.jpg,14
4615.jpg,20
4616.jpg,2
4617.jpg,43
4618.jpg,25
4619.jpg,48
4620.jpg,16
4621.jpg,46
4622.jpg,18
4623.jpg,48
4624.jpg,44
4625.jpg,24
4626.jpg,32
4627.jpg,33
4628.jpg,10
4629.jpg,28
4630.jpg,30
4631.jpg,18
4632.jpg,32
4633.jpg,9
4634.jpg,39
4635.jpg,42
4636.jpg,48
4637.jpg,40
4638.jpg,40
4639.jpg,35
4640.jpg,47
4641.jpg,18
4642.jpg,32
4643.jpg,29
4644.jpg,7
4645.jpg,13
4646.jpg,34
4647.jpg,29
4648.jpg,16
4649.jpg,14
4650.jpg,13
4651.jpg,18
4652.jpg,21
4653.jpg,0
4654.jpg,5
4655.jpg,32
4656.jpg,4
4657.jpg,1
4658.jpg,36
4659.jpg,16
4660.jpg,34
4661.jpg,4
4662.jpg,39
4663.jpg,13
4664.jpg,49
4665.jpg,30
4666.jpg,3
4667.jpg,18
4668.jpg,35
4669.jpg,40
4670.jpg,32
4671.jpg,18
4672.jpg,2
4673.jpg,19
4674.jpg,29
4675.jpg,30
4676.jpg,0
4677.jpg,1
4678.jpg,13
4679.jpg,36
4680.jpg,41
4681.jpg,4
4682.jpg,13
4683.jpg,6
4684.jpg,27
4685.jpg,40
4686.jpg,9
4687.jpg,32
4688.jpg,47
4689.jpg,2
4690.jpg,24
4691.jpg,8
4692.jpg,18
4693.jpg,33
4694.jpg,41
4695.jpg,31
4696.jpg,31
4697.jpg,25
4698.jpg,16
4699.jpg,13
4700.jpg,45
4701.jpg,30
4702.jpg,23
4703.jpg,1
4704.jpg,16
4705.jpg,29
4706.jpg,42
4707.jpg,35
4708.jpg,3
4709.jpg,36
4710.jpg,5
4711.jpg,10
4712.jpg,2
4713.jpg,16
4714.jpg,0
4715.jpg,17
4716.jpg,8
4717.jpg,39
4718.jpg,12
4719.jpg,26
4720.jpg,40
4721.jpg,3
4722.jpg,28
4723.jpg,6
4724.jpg,14
4725.jpg,20
4726.jpg,19
4727.jpg,1
4728.jpg,9
4729.jpg,33
4730.jpg,23
4731.jpg,21
4732.jpg,22
4733.jpg,10
4734.jpg,9
4735.jpg,45
4736.jpg,35
4737.jpg,3
4738.jpg,40
4739.jpg,2
4740.jpg,35
4741.jpg,20
4742.jpg,39
4743.jpg,35
4744.jpg,1
4745.jpg,28
4746.jpg,26
4747.jpg,6
4748.jpg,40
4749.jpg,2
4750.jpg,18
4751.jpg,36
4752.jpg,46
4753.jpg,4
4754.jpg,10
4755.jpg,41
4756.jpg,30
4757.jpg,10
4758.jpg,32
4759.jpg,17
4760.jpg,21
4761.jpg,17
4762.jpg,24
4763.jpg,34
4764.jpg,38
4765.jpg,24
4766.jpg,24
4767.jpg,5
4768.jpg,3
4769.jpg,1
4770.jpg,41
4771.jpg,48
4772.jpg,40
4773.jpg,36
4774.jpg,17
4775.jpg,2
4776.jpg,38
4777.jpg,42
4778.jpg,41
4779.jpg,34
4780.jpg,22
4781.jpg,3
4782.jpg,5
4783.jpg,38
4784.jpg,24
4785.jpg,22
4786.jpg,6
4787.jpg,46
4788.jpg,3
4789.jpg,5
4790.jpg,10
4791.jpg,41
4792.jpg,44
4793.jpg,7
4794.jpg,10
4795.jpg,9
4796.jpg,36
4797.jpg,16
4798.jpg,26
4799.jpg,13
4800.jpg,19
4801.jpg,29
4802.jpg,26
4803.jpg,26
4804.jpg,18
4805.jpg,33
4806.jpg,27
4807.jpg,19
4808.jpg,9
4809.jpg,43
4810.jpg,17
4811.jpg,23
4812.jpg,23
4813.jpg,27
4814.jpg,6
4815.jpg,37
4816.jpg,4
4817.jpg,31
4818.jpg,28
4819.jpg,36
4820.jpg,10
4821.jpg,40
4822.jpg,30
4823.jpg,28
4824.jpg,22
4825.jpg,2
4826.jpg,28
4827.jpg,29
4828.jpg,28
4829.jpg,22
4830.jpg,10
4831.jpg,5
4832.jpg,34
4833.jpg,15
4834.jpg,27
4835.jpg,19
4836.jpg,34
4837.jpg,4
4838.jpg,48
4839.jpg,7
4840.jpg,26
4841.jpg,18
4842.jpg,14
4843.jpg,20
4844.jpg,45
4845.jpg,12
4846.jpg,23
4847.jpg,33
4848.jpg,30
4849.jpg,15
4850.jpg,13
4851.jpg,17
4852.jpg,36
4853.jpg,8
4854.jpg,9
4855.jpg,41
4856.jpg,2
4857.jpg,41
4858.jpg,31
4859.jpg,15
4860.jpg,3
4861.jpg,43
4862.jpg,4
4863.jpg,16
4864.jpg,36
4865.jpg,16
4866.jpg,24
4867.jpg,28
4868.jpg,5
4869.jpg,35
4870.jpg,35
4871.jpg,9
4872.jpg,30
4873.jpg,42
4874.jpg,23
4875.jpg,23
4876.jpg,14
4877.jpg,46
4878.jpg,38
4879.jpg,12
4880.jpg,8
4881.jpg,20
4882.jpg,27
4883.jpg,30
4884.jpg,32
4885.jpg,6
4886.jpg,43
4887.jpg,30
4888.jpg,40
4889.jpg,12
4890.jpg,1
4891.jpg,25
4892.jpg,21
4893.jpg,45
4894.jpg,31
4895.jpg,23
4896.jpg,36
4897.jpg,44
4898.jpg,7
4899.jpg,23
4900.jpg,1
4901.jpg,31
4902.jpg,0
4903.jpg,10
4904.jpg,41
4905.jpg,1
4906.jpg,5
4907.jpg,5
4908.jpg,19
4909.jpg,14
4910.jpg,49
4911.jpg,7
4912.jpg,45
4913.jpg,31
4914.jpg,33
4915.jpg,13
4916.jpg,22
4917.jpg,22
4918.jpg,8
4919.jpg,40
4920.jpg,49
4921.jpg,12
4922.jpg,25
4923.jpg,15
4924.jpg,24
4925.jpg,45
4926.jpg,16
4927.jpg,20
4928.jpg,8
4929.jpg,0
4930.jpg,22
4931.jpg,24
4932.jpg,0
4933.jpg,10
4934.jpg,18
4935.jpg,22
4936.jpg,42
4937.jpg,16
4938.jpg,29
4939.jpg,3
4940.jpg,42
4941.jpg,10
4942.jpg,31
4943.jpg,0
4944.jpg,13
4945.jpg,41
4946.jpg,18
4947.jpg,37
4948.jpg,35
4949.jpg,49
4950.jpg,33
4951.jpg,26
4952.jpg,34
4953.jpg,30
4954.jpg,11
