n,features,acc_vs_label,acc_vs_true,n_minterms,n_maxterms,lookup_size,possible,coverage
1,k1,0.8932291666666666,0.828125,1,1,2,2,1.0
1,k8,0.8828125,0.8489583333333334,1,1,2,2,1.0
1,k3,0.6276041666666666,0.6614583333333334,1,1,2,2,1.0
1,k2,0.609375,0.6276041666666666,2,0,2,2,1.0
1,k4,0.609375,0.6276041666666666,2,0,2,2,1.0
1,k5,0.609375,0.6276041666666666,2,0,2,2,1.0
1,k6,0.609375,0.6276041666666666,2,0,2,2,1.0
2,k1+k8,0.9583333333333334,0.8828125,3,1,4,4,1.0
2,k1+k2,0.8932291666666666,0.828125,2,2,4,4,1.0
2,k1+k3,0.8932291666666666,0.828125,2,2,4,4,1.0
2,k1+k4,0.8932291666666666,0.828125,2,2,4,4,1.0
2,k1+k5,0.8932291666666666,0.828125,2,2,4,4,1.0
2,k1+k6,0.8932291666666666,0.828125,2,2,4,4,1.0
2,k2+k8,0.8828125,0.8489583333333334,2,2,4,4,1.0
2,k3+k8,0.8828125,0.8489583333333334,2,2,4,4,1.0
2,k4+k8,0.8828125,0.8489583333333334,2,2,4,4,1.0
2,k5+k8,0.8828125,0.8489583333333334,2,2,4,4,1.0
2,k6+k8,0.8828125,0.8489583333333334,2,2,4,4,1.0
2,k3+k5,0.703125,0.7109375,3,1,4,4,1.0
2,k2+k5,0.6770833333333334,0.7057291666666666,3,1,4,4,1.0
2,k3+k4,0.6536458333333334,0.6770833333333334,3,1,4,4,1.0
2,k2+k3,0.6484375,0.703125,3,1,4,4,1.0
2,k2+k4,0.6458333333333334,0.6640625,3,1,4,4,1.0
2,k2+k6,0.6171875,0.625,3,1,4,4,1.0
2,k3+k6,0.6145833333333334,0.6380208333333334,3,1,4,4,1.0
2,k4+k5,0.609375,0.6276041666666666,4,0,4,4,1.0
2,k4+k6,0.609375,0.6276041666666666,4,0,4,4,1.0
2,k5+k6,0.609375,0.6276041666666666,4,0,4,4,1.0
3,k1+k2+k8,0.9583333333333334,0.8828125,6,2,8,8,1.0
3,k1+k3+k8,0.9583333333333334,0.8828125,6,2,8,8,1.0
3,k1+k6+k8,0.9505208333333334,0.875,5,3,8,8,1.0
3,k1+k5+k8,0.9375,0.8828125,5,3,8,8,1.0
3,k1+k4+k8,0.9322916666666666,0.8828125,5,3,8,8,1.0
3,k1+k2+k5,0.9036458333333334,0.8125,5,3,8,8,1.0
3,k2+k5+k8,0.8958333333333334,0.8359375,5,3,8,8,1.0
3,k1+k2+k4,0.8932291666666666,0.828125,4,4,8,8,1.0
3,k1+k4+k5,0.8932291666666666,0.828125,4,4,8,8,1.0
3,k1+k4+k6,0.8932291666666666,0.828125,4,4,8,8,1.0
3,k1+k5+k6,0.8932291666666666,0.828125,4,4,8,8,1.0
3,k2+k4+k8,0.8828125,0.8489583333333334,4,4,8,8,1.0
3,k2+k6+k8,0.8828125,0.8489583333333334,4,4,8,8,1.0
3,k3+k4+k8,0.8828125,0.8489583333333334,4,4,8,8,1.0
3,k3+k6+k8,0.8828125,0.8489583333333334,4,4,8,8,1.0
3,k4+k5+k8,0.8828125,0.8489583333333334,4,4,8,8,1.0
3,k4+k6+k8,0.8828125,0.8489583333333334,4,4,8,8,1.0
3,k5+k6+k8,0.8828125,0.8489583333333334,4,4,8,8,1.0
3,k1+k2+k6,0.8697916666666666,0.8203125,5,3,8,8,1.0
3,k1+k2+k3,0.8671875,0.8333333333333334,5,3,8,8,1.0
3,k1+k3+k5,0.8619791666666666,0.8072916666666666,5,3,8,8,1.0
3,k3+k5+k8,0.859375,0.8255208333333334,5,3,8,8,1.0
3,k2+k3+k8,0.8541666666666666,0.8463541666666666,5,3,8,8,1.0
3,k1+k3+k6,0.8515625,0.8229166666666666,5,3,8,8,1.0
3,k1+k3+k4,0.8385416666666666,0.8203125,5,3,8,8,1.0
3,k3+k4+k5,0.703125,0.7109375,6,2,8,8,1.0
3,k3+k5+k6,0.703125,0.7109375,6,2,8,8,1.0
3,k2+k3+k5,0.6901041666666666,0.6822916666666666,5,3,8,8,1.0
3,k2+k4+k5,0.6770833333333334,0.7057291666666666,6,2,8,8,1.0
3,k2+k3+k4,0.65625,0.6953125,7,1,8,8,1.0
3,k3+k4+k6,0.65625,0.6953125,5,3,8,8,1.0
3,k2+k5+k6,0.640625,0.6536458333333334,7,1,8,8,1.0
3,k2+k4+k6,0.6171875,0.625,6,2,8,8,1.0
3,k2+k3+k6,0.6145833333333334,0.6380208333333334,6,2,8,8,1.0
3,k4+k5+k6,0.609375,0.6276041666666666,8,0,8,8,1.0
4,k1+k5+k6+k8,0.9635416666666666,0.8828125,11,5,16,16,1.0
4,k1+k2+k6+k8,0.9609375,0.8854166666666666,11,5,16,16,1.0
4,k1+k3+k5+k8,0.9583333333333334,0.8984375,11,5,16,16,1.0
4,k1+k4+k6+k8,0.9583333333333334,0.8776041666666666,11,5,16,16,1.0
4,k1+k2+k5+k8,0.9505208333333334,0.8958333333333334,11,5,16,16,1.0
4,k1+k3+k4+k8,0.9479166666666666,0.8880208333333334,11,5,16,16,1.0
4,k1+k3+k6+k8,0.9479166666666666,0.8723958333333334,10,6,16,16,1.0
4,k1+k4+k5+k8,0.9427083333333334,0.8880208333333334,11,5,16,16,1.0
4,k1+k2+k4+k8,0.9322916666666666,0.8828125,10,6,16,16,1.0
4,k1+k2+k3+k8,0.9296875,0.8854166666666666,11,5,16,16,1.0
4,k1+k2+k5+k6,0.9166666666666666,0.8255208333333334,9,7,16,16,1.0
4,k2+k5+k6+k8,0.90625,0.8463541666666666,9,7,16,16,1.0
4,k1+k2+k4+k6,0.8984375,0.8177083333333334,9,7,16,16,1.0
4,k1+k4+k5+k6,0.8958333333333334,0.8307291666666666,9,7,16,16,1.0
4,k1+k2+k4+k5,0.890625,0.8046875,9,7,16,16,1.0
4,k2+k3+k5+k8,0.890625,0.8463541666666666,9,7,16,16,1.0
4,k2+k4+k6+k8,0.890625,0.8411458333333334,9,7,16,16,1.0
4,k2+k4+k5+k8,0.8854166666666666,0.8307291666666666,9,7,16,16,1.0
4,k3+k4+k6+k8,0.8828125,0.8385416666666666,9,7,16,16,1.0
4,k4+k5+k6+k8,0.8828125,0.8489583333333334,8,8,16,16,1.0
4,k2+k3+k4+k8,0.875,0.8515625,9,7,16,16,1.0
4,k2+k3+k6+k8,0.8697916666666666,0.8463541666666666,9,7,16,16,1.0
4,k1+k2+k3+k4,0.8671875,0.8333333333333334,10,6,16,16,1.0
4,k1+k2+k3+k5,0.8671875,0.8333333333333334,10,6,16,16,1.0
4,k1+k2+k3+k6,0.8671875,0.8333333333333334,10,6,16,16,1.0
4,k3+k5+k6+k8,0.8645833333333334,0.8359375,9,7,16,16,1.0
4,k1+k3+k4+k5,0.8619791666666666,0.8072916666666666,10,6,16,16,1.0
4,k3+k4+k5+k8,0.859375,0.8255208333333334,10,6,16,16,1.0
4,k1+k3+k4+k6,0.8359375,0.8125,11,5,16,16,1.0
4,k1+k3+k5+k6,0.8229166666666666,0.8046875,11,5,16,16,1.0
4,k2+k3+k5+k6,0.7083333333333334,0.7005208333333334,11,5,16,16,1.0
4,k2+k3+k4+k5,0.6901041666666666,0.6822916666666666,10,6,16,16,1.0
4,k3+k4+k5+k6,0.6875,0.7109375,12,4,16,16,1.0
4,k2+k4+k5+k6,0.6796875,0.7083333333333334,13,3,16,16,1.0
4,k2+k3+k4+k6,0.6614583333333334,0.7161458333333334,11,5,16,16,1.0
5,k1+k2+k5+k6+k8,0.9765625,0.8802083333333334,22,10,32,32,1.0
5,k1+k4+k5+k6+k8,0.9661458333333334,0.8854166666666666,23,9,32,32,1.0
5,k1+k3+k5+k6+k8,0.9609375,0.8854166666666666,21,11,32,32,1.0
5,k1+k2+k3+k5+k8,0.953125,0.8880208333333334,22,10,32,32,1.0
5,k1+k2+k4+k6+k8,0.953125,0.8776041666666666,20,12,32,32,1.0
5,k1+k2+k3+k4+k8,0.9505208333333334,0.8854166666666666,21,11,32,32,1.0
5,k1+k3+k4+k5+k8,0.9505208333333334,0.890625,21,11,32,32,1.0
5,k1+k2+k4+k5+k8,0.9453125,0.890625,20,11,31,32,0.9973958333333334
5,k1+k3+k4+k6+k8,0.9427083333333334,0.8828125,19,13,32,32,1.0
5,k1+k2+k3+k6+k8,0.9348958333333334,0.875,20,11,31,32,0.9921875
5,k1+k2+k4+k5+k6,0.9192708333333334,0.828125,18,14,32,32,1.0
5,k2+k4+k5+k6+k8,0.9088541666666666,0.84375,18,13,31,32,0.9973958333333334
5,k2+k3+k4+k5+k8,0.890625,0.8463541666666666,18,14,32,32,1.0
5,k3+k4+k5+k6+k8,0.8880208333333334,0.8385416666666666,17,14,31,32,0.9895833333333334
5,k1+k3+k4+k5+k6,0.8802083333333334,0.8151041666666666,18,13,31,32,0.9947916666666666
5,k1+k2+k3+k5+k6,0.8776041666666666,0.828125,19,13,32,32,1.0
5,k2+k3+k5+k6+k8,0.8776041666666666,0.8385416666666666,18,14,32,32,1.0
5,k1+k2+k3+k4+k5,0.8723958333333334,0.8229166666666666,19,13,32,32,1.0
5,k1+k2+k3+k4+k6,0.8671875,0.8333333333333334,19,12,31,32,0.9921875
5,k2+k3+k4+k6+k8,0.8671875,0.8385416666666666,18,13,31,32,0.9921875
5,k2+k3+k4+k5+k6,0.6796875,0.671875,20,10,30,32,0.9921875
6,k1+k2+k3+k5+k6+k8,0.9765625,0.90625,39,22,61,64,0.984375
6,k1+k2+k4+k5+k6+k8,0.9713541666666666,0.875,37,22,59,64,0.9973958333333334
6,k1+k2+k3+k4+k5+k8,0.96875,0.8984375,38,21,59,64,0.9869791666666666
6,k1+k3+k4+k5+k6+k8,0.953125,0.8932291666666666,34,23,57,64,0.9791666666666666
6,k1+k2+k3+k4+k6+k8,0.9453125,0.8802083333333334,37,21,58,64,0.96875
6,k2+k3+k4+k5+k6+k8,0.9036458333333334,0.8385416666666666,31,26,57,64,0.9817708333333334
6,k1+k2+k3+k4+k5+k6,0.8776041666666666,0.8125,33,23,56,64,0.9791666666666666
7,k1+k2+k3+k4+k5+k6+k8,1.0,0.8828125,58,36,94,128,0.9427083333333334
